subscriber_id,region,plan,contract,payment_method,tenure_months,monthly_charges,total_charges,support_tickets,has_dependents,churned
1,South,standard,month-to-month,bank-transfer,51,60.26,2968.05,2,1,1
2,North,basic,month-to-month,card,36,26.06,896.95,4,0,0
3,East,standard,month-to-month,bank-transfer,45,64.08,2791.41,0,1,1
4,North,standard,month-to-month,invoice,7,63.65,452.36,1,0,0
5,East,basic,month-to-month,paypal,23,30.61,650.99,2,1,0
6,West,basic,month-to-month,invoice,22,25.83,529.49,2,1,0
7,North,premium,two-year,paypal,72,95.31,6714.65,6,1,0
8,South,premium,month-to-month,paypal,52,104.75,5363.33,0,0,0
9,West,premium,month-to-month,paypal,69,89.25,6290.37,0,1,0
10,North,basic,month-to-month,invoice,58,30.69,1854.41,0,0,0
11,West,standard,month-to-month,invoice,11,64.17,731.92,3,1,0
12,North,premium,month-to-month,paypal,47,90.19,4258.27,6,1,0
13,North,standard,month-to-month,bank-transfer,23,67.33,1469.52,2,0,1
14,South,standard,month-to-month,card,6,56.73,348.57,1,0,1
15,South,basic,month-to-month,card,44,26.34,1201.77,1,0,0
16,West,basic,one-year,invoice,60,30.65,1802.53,2,0,0
17,North,standard,one-year,card,12,65.7,770.85,4,1,0
18,South,standard,month-to-month,bank-transfer,45,61.51,2884.68,0,0,0
19,East,basic,month-to-month,bank-transfer,31,35.25,1013.14,2,0,0
20,North,basic,month-to-month,card,1,22.83,22.57,0,1,1
21,West,basic,one-year,card,46,25.22,1210.38,0,1,0
22,East,basic,two-year,paypal,58,39.24,2136.96,2,0,0
23,West,standard,month-to-month,invoice,39,65.49,2674.99,1,0,1
24,West,basic,two-year,card,40,30.7,1140.94,5,0,1
25,East,standard,month-to-month,bank-transfer,51,57.16,2908.32,0,0,0
26,West,standard,month-to-month,paypal,13,66.2,833.66,1,0,1
27,North,basic,month-to-month,paypal,10,32.38,313.03,2,0,0
28,West,standard,one-year,invoice,59,67.82,3845.47,1,0,0
29,West,premium,month-to-month,bank-transfer,55,104.32,5727.65,0,0,1
30,East,standard,month-to-month,invoice,44,56.29,2518.42,4,0,1
31,South,premium,month-to-month,bank-transfer,51,95.16,4546.54,4,0,1
32,East,standard,month-to-month,paypal,18,60.19,1130.92,2,1,1
33,South,standard,two-year,bank-transfer,38,66.37,2355.9,1,0,0
34,East,premium,month-to-month,paypal,53,99.71,5045.9,0,0,1
35,South,standard,one-year,paypal,5,56.17,259.85,0,1,0
36,South,standard,month-to-month,bank-transfer,24,65.53,1531.26,1,1,1
37,North,basic,month-to-month,card,2,39.94,78.58,1,0,1
38,East,standard,month-to-month,bank-transfer,50,69.58,3231.87,0,0,0
39,East,basic,month-to-month,card,61,39.57,2409.83,1,0,0
40,South,basic,month-to-month,invoice,56,22.47,1283.36,6,0,1
41,West,premium,month-to-month,paypal,39,105.87,4258.31,1,0,1
42,South,premium,month-to-month,invoice,58,95.24,5465.32,0,0,1
43,North,premium,month-to-month,paypal,1,104.62,105.32,1,1,1
44,East,basic,one-year,paypal,47,35.33,1739.64,0,0,0
45,East,basic,month-to-month,card,6,22.84,134.83,0,0,1
46,South,standard,month-to-month,bank-transfer,32,53.79,1608.06,1,0,1
47,West,premium,one-year,invoice,34,98.91,3375.72,2,0,0
48,South,basic,one-year,paypal,66,27.96,1901.02,0,0,1
49,South,standard,month-to-month,invoice,6,69.18,426.27,1,0,1
50,North,standard,month-to-month,card,9,64.92,552.74,4,0,1
51,South,standard,month-to-month,paypal,12,52.01,617.43,4,0,1
52,West,basic,one-year,card,2,32.72,64.7,0,0,0
53,West,basic,two-year,card,48,36.48,1688.7,0,0,0
54,North,standard,two-year,paypal,33,69.17,2232.42,0,0,1
55,East,premium,month-to-month,invoice,65,104.51,6657.54,2,0,1
56,East,standard,one-year,paypal,62,52.45,3117.27,3,1,1
57,West,premium,month-to-month,bank-transfer,67,101.91,6449.45,0,0,0
58,West,basic,one-year,invoice,66,27.19,1704.74,0,0,0
59,South,basic,month-to-month,card,15,26.99,399.39,1,0,1
60,East,basic,month-to-month,card,36,26.85,948.71,0,1,0
61,West,basic,two-year,bank-transfer,45,23.6,980.33,0,0,0
62,South,basic,one-year,card,56,22.5,1204.73,1,0,0
63,East,premium,month-to-month,card,64,99.9,6244.71,5,0,1
64,East,premium,two-year,card,7,92.31,610.81,0,1,1
65,North,basic,month-to-month,paypal,65,27.7,1848.68,3,0,0
66,North,standard,month-to-month,bank-transfer,40,61.75,2390.19,0,0,1
67,East,basic,two-year,invoice,15,23.41,360.61,4,1,0
68,West,basic,one-year,card,6,22.71,135.0,2,0,0
69,West,standard,one-year,card,50,58.87,2869.75,0,0,0
70,North,premium,two-year,paypal,58,92.52,5234.41,1,1,0
71,West,standard,month-to-month,invoice,37,69.33,2394.36,2,0,0
72,North,standard,one-year,bank-transfer,20,64.72,1267.27,1,0,0
73,North,basic,two-year,bank-transfer,66,31.92,2079.95,1,0,0
74,East,standard,one-year,bank-transfer,37,65.88,2328.06,0,0,0
75,South,basic,month-to-month,card,65,35.64,2187.66,0,0,0
76,North,standard,month-to-month,card,72,60.86,4363.88,0,0,0
77,West,basic,one-year,paypal,7,26.1,172.03,1,1,1
78,West,basic,one-year,card,4,24.38,97.18,1,0,1
79,West,standard,month-to-month,card,22,65.12,1476.74,8,0,0
80,North,basic,two-year,card,6,35.88,214.79,0,1,1
81,South,premium,month-to-month,paypal,48,92.08,4548.53,3,0,1
82,South,premium,month-to-month,bank-transfer,46,94.54,4264.65,0,0,0
83,South,basic,month-to-month,card,56,32.53,1813.89,4,0,1
84,East,standard,month-to-month,invoice,43,54.71,2314.07,0,0,1
85,West,premium,two-year,invoice,47,93.49,4053.53,1,0,0
86,North,standard,month-to-month,bank-transfer,34,54.57,1912.54,1,0,0
87,East,basic,one-year,bank-transfer,52,28.8,1403.07,4,0,0
88,North,standard,one-year,invoice,50,60.75,2825.66,0,0,0
89,East,standard,month-to-month,paypal,7,65.35,436.3,1,0,1
90,East,standard,two-year,card,69,64.96,4693.18,1,1,0
91,North,standard,one-year,invoice,30,68.96,2086.05,2,0,0
92,East,standard,month-to-month,bank-transfer,21,63.86,1378.8,1,1,0
93,West,basic,one-year,invoice,19,38.14,688.29,0,0,1
94,South,standard,one-year,card,44,58.26,2645.73,1,0,0
95,North,standard,month-to-month,invoice,48,56.45,2763.22,0,0,1
96,North,standard,month-to-month,paypal,62,68.65,4349.6,0,0,1
97,South,standard,two-year,bank-transfer,38,56.76,2253.04,0,0,0
98,East,basic,two-year,paypal,57,37.46,2025.25,1,0,0
99,North,standard,month-to-month,bank-transfer,66,59.65,3859.16,0,0,0
100,West,standard,one-year,card,9,54.71,516.69,14,1,1
101,South,standard,month-to-month,bank-transfer,69,60.1,3848.4,1,1,0
102,North,standard,month-to-month,invoice,7,54.91,399.06,0,0,1
103,West,basic,month-to-month,card,40,31.91,1332.94,0,0,1
104,East,basic,one-year,bank-transfer,72,25.01,1818.43,4,0,0
105,North,basic,two-year,card,12,38.54,428.54,0,0,0
106,North,basic,one-year,bank-transfer,26,39.2,1038.24,0,1,0
107,North,basic,month-to-month,card,29,25.46,706.65,1,0,1
108,East,basic,two-year,paypal,28,34.29,964.23,1,0,0
109,West,basic,month-to-month,card,1,39.87,40.64,0,0,1
110,North,standard,one-year,paypal,57,59.94,3499.59,0,0,0
111,West,basic,month-to-month,bank-transfer,12,36.99,451.16,9,0,1
112,East,premium,two-year,paypal,57,97.2,5668.76,0,0,0
113,West,premium,month-to-month,bank-transfer,65,91.09,5493.51,0,0,0
114,East,premium,two-year,card,16,96.0,1466.17,3,1,0
115,North,premium,one-year,invoice,47,103.78,4935.54,6,0,1
116,North,basic,one-year,card,20,33.24,685.89,4,0,0
117,West,standard,month-to-month,card,1,66.14,61.66,0,0,1
118,South,premium,month-to-month,invoice,20,96.75,1877.64,2,0,1
119,West,standard,month-to-month,paypal,45,62.17,2899.52,1,1,0
120,South,basic,one-year,card,39,38.35,1489.27,1,0,0
121,North,premium,month-to-month,invoice,16,106.67,1675.65,1,0,1
122,East,premium,month-to-month,bank-transfer,51,96.19,4665.04,0,0,1
123,South,standard,two-year,bank-transfer,3,68.25,210.31,5,0,0
124,South,standard,one-year,paypal,29,68.07,2005.69,1,0,0
125,West,basic,one-year,paypal,8,31.13,239.69,1,1,1
126,West,standard,two-year,invoice,12,61.32,744.7,3,1,0
127,South,standard,one-year,invoice,44,69.51,3103.63,0,1,0
128,West,basic,month-to-month,card,2,35.14,69.9,3,0,1
129,South,standard,two-year,card,26,54.85,1352.73,5,0,0
130,East,basic,month-to-month,bank-transfer,60,39.91,2427.1,0,0,1
131,North,standard,one-year,paypal,34,52.77,1661.03,1,0,0
132,South,basic,two-year,bank-transfer,57,32.69,1841.86,2,1,1
133,East,basic,month-to-month,paypal,71,24.69,1693.85,3,1,0
134,South,basic,one-year,invoice,68,32.48,2186.91,7,1,0
135,East,standard,month-to-month,card,28,62.25,1793.97,1,0,1
136,South,standard,month-to-month,bank-transfer,13,52.4,681.19,0,1,1
137,West,basic,month-to-month,card,52,39.32,1990.73,1,1,0
138,East,standard,two-year,invoice,61,67.02,3902.5,0,1,0
139,East,basic,month-to-month,paypal,46,27.04,1222.51,3,0,1
140,West,basic,month-to-month,bank-transfer,66,23.21,1544.89,1,1,0
141,West,premium,month-to-month,bank-transfer,5,102.69,526.88,0,0,1
142,North,premium,one-year,paypal,51,95.16,5028.81,3,1,0
143,North,basic,one-year,invoice,56,34.22,1953.94,0,0,0
144,East,basic,month-to-month,paypal,63,38.55,2293.97,1,1,0
145,South,premium,two-year,paypal,54,97.51,5385.46,1,0,0
146,East,standard,two-year,paypal,20,67.76,1318.21,5,0,0
147,West,premium,two-year,invoice,46,98.1,4515.48,0,1,0
148,East,standard,one-year,card,59,57.72,3565.33,0,0,0
149,East,premium,month-to-month,card,55,103.2,5708.75,1,1,1
150,South,basic,one-year,bank-transfer,67,32.76,2284.38,1,1,0
151,East,basic,month-to-month,card,38,38.1,1427.05,3,0,0
152,North,standard,month-to-month,bank-transfer,62,52.41,3155.84,3,0,0
153,North,basic,one-year,card,65,24.0,1556.62,0,0,0
154,West,basic,month-to-month,invoice,30,31.56,980.8,0,0,0
155,South,basic,one-year,bank-transfer,39,39.36,1559.42,1,0,0
156,East,premium,one-year,card,56,90.56,5024.37,0,1,0
157,West,standard,month-to-month,bank-transfer,30,65.82,2011.66,1,0,0
158,East,standard,month-to-month,card,63,52.7,3250.94,0,1,0
159,East,basic,month-to-month,paypal,12,34.63,384.7,0,0,1
160,North,premium,two-year,card,45,93.68,4281.65,0,0,0
161,North,standard,month-to-month,invoice,63,58.43,3535.62,1,0,0
162,West,premium,month-to-month,bank-transfer,16,104.1,1633.06,3,1,1
163,North,standard,two-year,card,47,59.52,2783.31,0,0,0
164,East,basic,month-to-month,invoice,56,24.02,1377.17,0,0,1
165,North,basic,month-to-month,card,69,32.45,2224.76,1,1,0
166,North,premium,month-to-month,invoice,21,104.23,2198.13,0,0,1
167,West,premium,month-to-month,invoice,36,97.84,3698.11,1,1,0
168,South,standard,two-year,paypal,49,66.58,3161.59,0,0,0
169,North,standard,month-to-month,paypal,32,55.73,1770.75,1,1,1
170,South,basic,one-year,paypal,11,39.33,403.08,3,0,0
171,South,basic,month-to-month,bank-transfer,42,36.73,1543.27,4,0,1
172,East,basic,one-year,card,50,36.41,1793.68,2,1,0
173,North,basic,one-year,card,39,23.74,937.31,0,0,0
174,North,standard,month-to-month,invoice,50,62.94,2903.02,1,1,0
175,East,standard,month-to-month,card,57,67.23,3758.02,1,0,0
176,South,premium,month-to-month,bank-transfer,14,106.6,1418.84,0,0,0
177,North,basic,two-year,paypal,52,24.1,1253.77,6,0,0
178,East,basic,two-year,paypal,38,36.6,1364.14,5,0,0
179,North,basic,month-to-month,paypal,21,23.85,479.88,2,1,0
180,West,basic,month-to-month,bank-transfer,2,25.95,48.89,2,0,1
181,East,standard,month-to-month,invoice,34,54.33,1758.4,0,1,0
182,West,standard,month-to-month,bank-transfer,11,52.48,535.87,2,1,1
183,West,basic,month-to-month,card,2,38.99,80.32,0,1,1
184,West,basic,one-year,card,25,29.75,742.64,0,0,0
185,West,standard,one-year,card,45,67.01,3006.49,0,0,1
186,West,premium,one-year,invoice,53,101.59,5249.46,3,0,1
187,South,standard,one-year,card,35,68.79,2420.11,1,0,0
188,East,basic,two-year,invoice,28,25.79,717.17,0,1,0
189,South,premium,month-to-month,paypal,49,98.82,4809.69,3,1,0
190,North,standard,one-year,card,29,52.96,1463.05,5,0,1
191,South,standard,month-to-month,bank-transfer,50,60.55,2892.91,0,0,0
192,North,premium,month-to-month,card,50,94.92,4799.14,3,1,1
193,East,basic,two-year,bank-transfer,1,23.13,22.13,6,1,1
194,North,basic,month-to-month,card,55,36.94,1904.61,0,0,0
195,North,standard,month-to-month,invoice,52,65.94,3509.38,1,1,1
196,West,standard,month-to-month,bank-transfer,57,68.75,3784.43,0,1,1
197,West,premium,one-year,invoice,57,91.67,4933.84,1,1,0
198,North,standard,two-year,card,62,57.58,3619.13,3,0,0
199,South,basic,month-to-month,card,68,34.62,2282.64,1,1,0
200,East,premium,month-to-month,invoice,30,99.33,3045.4,2,0,0
201,East,premium,month-to-month,bank-transfer,11,97.22,1048.37,4,1,1
202,West,basic,month-to-month,invoice,71,39.59,2781.93,1,1,0
203,North,basic,two-year,paypal,4,30.57,115.46,1,0,1
204,South,basic,one-year,invoice,1,32.2,30.72,2,0,1
205,East,premium,one-year,card,12,93.41,1061.9,0,1,0
206,East,basic,month-to-month,invoice,40,23.87,881.66,2,1,0
207,East,basic,two-year,invoice,54,27.59,1554.25,3,1,0
208,South,premium,one-year,card,40,101.42,3765.17,1,0,0
209,South,premium,one-year,bank-transfer,27,99.31,2549.26,2,1,1
210,West,basic,month-to-month,bank-transfer,11,36.45,416.7,0,0,1
211,East,premium,month-to-month,bank-transfer,20,95.63,1866.01,0,1,0
212,North,standard,month-to-month,bank-transfer,5,61.65,323.6,2,1,1
213,North,basic,month-to-month,card,21,24.35,502.42,1,0,1
214,North,basic,one-year,bank-transfer,60,23.76,1494.33,0,0,1
215,East,basic,two-year,paypal,22,29.61,653.28,1,0,0
216,East,basic,two-year,bank-transfer,27,28.27,728.0,1,0,0
217,North,basic,two-year,paypal,15,22.86,346.03,1,0,0
218,North,basic,two-year,bank-transfer,64,32.72,2001.4,2,0,0
219,West,premium,two-year,invoice,42,91.52,3713.85,1,0,0
220,South,premium,one-year,paypal,28,106.53,2891.11,4,0,1
221,West,standard,one-year,paypal,63,68.04,4341.08,3,1,0
222,South,standard,month-to-month,invoice,40,66.18,2492.61,2,0,0
223,North,premium,month-to-month,invoice,29,104.45,2913.28,0,0,0
224,East,premium,month-to-month,invoice,70,102.39,7168.69,0,1,0
225,North,standard,month-to-month,bank-transfer,60,52.22,3282.92,1,0,1
226,North,standard,month-to-month,invoice,15,56.48,851.94,1,1,0
227,West,basic,one-year,invoice,14,31.66,428.97,2,0,1
228,East,standard,two-year,invoice,46,59.15,2561.34,4,1,1
229,East,basic,month-to-month,invoice,59,38.7,2359.54,3,0,0
230,East,basic,two-year,paypal,40,36.81,1369.89,0,0,0
231,East,basic,one-year,paypal,57,27.78,1617.44,1,1,0
232,West,basic,two-year,invoice,62,28.38,1828.49,1,1,0
233,East,basic,one-year,paypal,36,36.75,1295.4,1,0,0
234,West,standard,month-to-month,card,61,54.06,3439.87,0,0,1
235,East,basic,month-to-month,bank-transfer,20,39.1,769.55,3,0,0
236,East,standard,one-year,card,68,69.36,4365.73,2,0,0
237,South,premium,one-year,bank-transfer,4,97.6,383.04,1,1,0
238,South,standard,month-to-month,card,52,57.71,3121.77,1,1,1
239,South,basic,one-year,paypal,59,23.2,1378.84,2,0,0
240,North,standard,month-to-month,card,61,53.64,3217.7,0,0,1
241,West,basic,one-year,card,55,32.39,1847.15,3,1,0
242,West,premium,month-to-month,bank-transfer,40,94.66,3899.98,2,0,1
243,East,standard,month-to-month,bank-transfer,2,60.58,113.09,0,0,1
244,South,premium,month-to-month,card,56,100.64,5190.4,0,1,0
245,West,basic,one-year,invoice,70,33.93,2470.6,0,0,0
246,South,basic,month-to-month,invoice,47,28.51,1266.62,1,0,0
247,South,basic,two-year,bank-transfer,44,29.17,1316.17,0,0,0
248,East,basic,month-to-month,invoice,68,25.69,1805.81,2,0,1
249,West,basic,month-to-month,paypal,8,38.93,296.71,0,0,0
250,South,basic,month-to-month,paypal,60,33.67,2034.91,1,1,0
251,North,basic,month-to-month,paypal,48,39.17,1841.45,0,0,1
252,North,standard,one-year,card,40,69.92,2914.15,2,0,1
253,East,standard,month-to-month,card,65,55.2,3711.49,0,0,1
254,South,standard,month-to-month,card,66,52.28,3413.91,3,0,1
255,South,basic,month-to-month,card,55,32.03,1826.91,0,0,0
256,South,basic,month-to-month,bank-transfer,12,34.17,381.05,0,1,1
257,East,standard,month-to-month,card,51,55.67,2927.93,1,0,1
258,North,standard,one-year,paypal,44,63.05,2660.64,1,0,0
259,South,basic,month-to-month,invoice,42,34.43,1405.43,1,1,0
260,South,basic,month-to-month,invoice,53,38.95,2047.42,1,0,1
261,South,basic,two-year,paypal,53,28.69,1484.55,9,1,0
262,North,basic,two-year,card,34,30.4,1014.27,4,0,0
263,East,basic,month-to-month,paypal,38,38.64,1379.37,0,0,1
264,East,standard,month-to-month,card,45,60.48,2855.1,0,0,0
265,North,basic,one-year,bank-transfer,2,26.11,53.65,3,0,0
266,South,basic,two-year,invoice,30,37.9,1067.67,1,0,0
267,North,basic,month-to-month,bank-transfer,6,34.1,210.27,0,0,1
268,West,standard,one-year,card,63,67.23,4216.45,0,0,0
269,North,standard,month-to-month,card,4,69.4,273.49,0,0,1
270,West,standard,month-to-month,card,30,63.96,1784.95,3,1,0
271,East,standard,two-year,invoice,34,66.95,2337.93,0,0,0
272,North,standard,month-to-month,invoice,11,56.85,640.71,0,0,1
273,West,basic,month-to-month,card,45,37.17,1670.84,1,0,0
274,West,basic,month-to-month,invoice,49,23.98,1102.64,0,0,0
275,East,basic,month-to-month,card,26,33.45,839.37,1,0,0
276,South,basic,one-year,card,49,34.09,1565.4,0,0,0
277,East,standard,month-to-month,paypal,12,61.54,687.92,0,0,0
278,West,standard,month-to-month,bank-transfer,42,69.5,2821.35,2,1,1
279,South,basic,month-to-month,invoice,4,22.94,94.79,0,0,1
280,East,premium,one-year,card,58,101.16,5611.08,5,0,0
281,West,standard,one-year,invoice,42,64.05,2689.28,2,1,0
282,West,basic,month-to-month,paypal,62,27.78,1761.39,3,1,1
283,East,basic,one-year,card,51,36.96,1961.16,2,1,1
284,East,standard,month-to-month,invoice,17,65.61,1166.05,2,0,1
285,South,basic,month-to-month,bank-transfer,16,30.26,480.77,0,1,1
286,East,standard,month-to-month,paypal,53,69.61,3815.93,4,0,1
287,North,premium,one-year,card,9,96.7,873.06,4,1,0
288,East,standard,two-year,card,34,57.11,1906.25,0,0,0
289,West,premium,two-year,bank-transfer,53,97.61,5351.71,3,0,0
290,North,standard,two-year,bank-transfer,60,67.42,3901.09,0,0,0
291,West,basic,month-to-month,bank-transfer,69,30.29,2124.83,0,0,0
292,West,basic,month-to-month,bank-transfer,63,31.65,2090.91,2,1,1
293,East,basic,month-to-month,bank-transfer,17,34.92,549.67,4,0,0
294,West,basic,month-to-month,bank-transfer,53,23.11,1252.14,1,1,0
295,East,standard,month-to-month,paypal,46,56.01,2459.58,1,1,0
296,South,premium,one-year,invoice,55,99.37,5043.16,2,0,1
297,East,basic,month-to-month,bank-transfer,21,36.33,784.19,2,1,0
298,West,standard,month-to-month,card,61,58.94,3369.62,0,1,0
299,East,premium,month-to-month,invoice,46,103.19,4514.49,1,1,1
300,West,basic,month-to-month,invoice,60,37.75,2092.41,1,0,0
301,West,standard,one-year,paypal,14,64.1,831.23,3,0,1
302,West,standard,one-year,bank-transfer,69,68.97,4868.07,1,1,0
303,East,premium,month-to-month,card,2,96.04,182.46,0,0,1
304,North,basic,two-year,paypal,57,37.78,2213.5,0,1,0
305,West,standard,month-to-month,paypal,6,57.82,329.62,0,0,1
306,South,standard,one-year,bank-transfer,56,58.68,3131.85,0,1,0
307,North,basic,one-year,paypal,21,31.63,695.19,0,0,0
308,North,premium,two-year,card,51,89.41,4655.97,2,0,0
309,East,standard,month-to-month,paypal,52,65.47,3178.46,1,0,1
310,West,standard,month-to-month,paypal,4,60.31,250.98,5,0,1
311,East,standard,one-year,paypal,7,55.78,383.39,0,0,1
312,South,premium,two-year,card,19,89.91,1661.25,0,0,0
313,East,standard,month-to-month,paypal,21,55.41,1090.11,4,0,1
314,North,standard,one-year,invoice,67,55.88,3566.91,1,0,0
315,East,basic,one-year,bank-transfer,5,27.52,131.75,1,0,0
316,East,premium,one-year,paypal,43,90.11,4037.11,0,0,1
317,West,standard,month-to-month,card,45,56.92,2545.38,0,1,0
318,North,premium,one-year,card,1,98.31,92.96,1,0,1
319,West,basic,one-year,bank-transfer,21,35.56,776.97,0,0,1
320,West,premium,one-year,paypal,11,100.97,1139.85,3,1,1
321,South,standard,month-to-month,invoice,10,59.81,618.28,0,1,1
322,West,basic,month-to-month,card,51,29.12,1473.69,1,0,0
323,North,basic,month-to-month,bank-transfer,34,28.2,1003.03,3,1,0
324,East,basic,one-year,paypal,25,23.05,591.48,0,0,1
325,East,basic,one-year,paypal,9,39.77,373.9,2,0,1
326,South,standard,month-to-month,invoice,72,54.29,3960.58,0,1,0
327,North,standard,two-year,card,39,52.25,1949.36,0,0,0
328,West,basic,month-to-month,paypal,25,26.55,632.3,6,0,0
329,West,premium,one-year,invoice,50,91.03,4322.03,0,1,0
330,South,standard,month-to-month,invoice,17,60.08,998.85,0,0,1
331,East,standard,month-to-month,paypal,36,58.58,2111.28,2,0,1
332,East,basic,one-year,bank-transfer,30,38.38,1203.16,3,0,0
333,East,basic,one-year,invoice,34,30.88,1061.88,0,1,0
334,West,basic,one-year,card,21,26.83,574.16,1,0,0
335,South,standard,two-year,paypal,29,56.84,1555.76,0,0,1
336,North,standard,month-to-month,bank-transfer,17,53.26,870.54,1,0,1
337,North,basic,two-year,invoice,22,29.45,660.79,3,1,0
338,North,basic,month-to-month,bank-transfer,29,37.2,1002.94,1,1,1
339,South,premium,one-year,card,55,95.33,5071.24,1,1,0
340,West,basic,one-year,invoice,29,36.63,1086.6,1,1,0
341,West,basic,month-to-month,invoice,17,28.3,488.07,4,0,1
342,East,basic,month-to-month,card,38,29.08,1017.88,3,1,1
343,South,standard,one-year,invoice,16,53.09,820.74,8,0,1
344,North,basic,month-to-month,card,16,35.13,544.57,1,0,0
345,North,basic,two-year,bank-transfer,30,34.01,1006.8,0,0,0
346,West,standard,month-to-month,invoice,34,66.38,2326.16,1,0,1
347,North,premium,month-to-month,card,24,104.85,2564.58,1,0,1
348,North,standard,two-year,bank-transfer,17,66.8,1142.44,0,0,0
349,South,premium,month-to-month,paypal,54,95.21,5085.7,0,0,0
350,West,standard,month-to-month,bank-transfer,30,68.35,1900.72,0,0,1
351,North,basic,month-to-month,bank-transfer,33,34.4,1074.76,5,0,1
352,East,standard,one-year,bank-transfer,48,57.31,2885.75,3,0,0
353,West,basic,one-year,card,23,23.42,555.0,0,1,0
354,West,standard,month-to-month,invoice,48,61.18,2896.86,3,0,0
355,North,basic,two-year,card,51,28.86,1419.6,2,1,0
356,North,standard,month-to-month,card,50,59.43,3086.18,5,0,1
357,West,basic,one-year,invoice,7,30.8,218.66,1,0,1
358,North,premium,month-to-month,invoice,42,90.84,3971.87,3,1,0
359,East,basic,month-to-month,invoice,28,37.9,1037.83,0,0,1
360,West,basic,month-to-month,invoice,56,28.0,1605.9,0,1,0
361,West,basic,two-year,bank-transfer,47,29.72,1398.86,4,1,0
362,East,standard,month-to-month,paypal,6,57.82,322.71,0,1,1
363,East,basic,two-year,bank-transfer,49,24.01,1214.51,1,0,0
364,South,basic,month-to-month,card,64,25.86,1691.29,3,0,0
365,West,standard,month-to-month,card,29,57.09,1549.78,1,0,1
366,West,basic,two-year,paypal,48,28.11,1250.12,3,1,0
367,North,basic,month-to-month,card,30,24.01,727.34,2,0,1
368,South,standard,month-to-month,invoice,29,69.92,1979.48,1,0,1
369,East,basic,month-to-month,invoice,63,35.74,2111.29,0,1,0
370,South,premium,one-year,invoice,32,94.31,2959.16,5,0,1
371,North,basic,month-to-month,card,71,23.75,1631.34,0,1,0
372,East,standard,two-year,bank-transfer,60,56.93,3267.4,2,1,0
373,West,premium,month-to-month,invoice,53,106.88,5465.91,0,0,1
374,West,basic,month-to-month,card,22,27.19,625.28,1,0,0
375,South,premium,month-to-month,bank-transfer,26,95.61,2580.46,0,0,1
376,West,basic,month-to-month,paypal,4,39.37,156.05,3,1,1
377,West,premium,month-to-month,invoice,40,92.1,3649.76,4,1,0
378,West,premium,two-year,card,48,106.72,5229.27,6,0,0
379,South,basic,two-year,paypal,18,24.33,423.99,1,0,0
380,East,premium,two-year,paypal,48,94.29,4711.26,2,0,0
381,West,standard,month-to-month,bank-transfer,22,58.08,1249.47,3,0,0
382,North,basic,month-to-month,bank-transfer,60,25.08,1417.58,0,1,0
383,West,basic,month-to-month,paypal,65,30.16,1862.67,1,0,1
384,South,standard,month-to-month,paypal,29,60.15,1725.97,0,0,1
385,South,basic,month-to-month,card,29,37.69,1114.92,1,0,0
386,East,standard,month-to-month,paypal,22,69.7,1553.69,2,0,0
387,West,standard,two-year,paypal,4,65.35,259.69,1,0,0
388,South,basic,one-year,invoice,51,25.02,1200.14,0,0,0
389,East,standard,month-to-month,paypal,16,58.26,874.6,3,0,1
390,South,premium,one-year,invoice,10,104.02,996.15,2,0,0
391,West,premium,month-to-month,card,15,94.93,1332.11,2,1,1
392,South,basic,month-to-month,paypal,22,37.18,827.04,3,1,1
393,East,premium,month-to-month,paypal,52,93.11,4637.69,0,1,0
394,North,premium,one-year,paypal,53,90.38,4528.52,0,0,0
395,East,premium,two-year,invoice,72,103.3,7242.95,2,1,0
396,North,premium,two-year,card,24,106.46,2501.58,0,1,0
397,West,basic,month-to-month,card,18,33.89,637.48,4,1,0
398,West,standard,one-year,paypal,27,64.22,1653.48,0,1,0
399,South,basic,month-to-month,invoice,4,30.34,119.26,0,0,1
400,North,basic,month-to-month,card,29,38.99,1061.29,1,1,0
401,West,basic,one-year,bank-transfer,72,32.1,2381.34,0,0,0
402,South,basic,two-year,card,11,33.84,386.47,3,1,0
403,South,basic,month-to-month,card,66,23.95,1462.83,2,1,1
404,South,basic,month-to-month,paypal,33,26.18,842.3,1,0,1
405,North,basic,two-year,paypal,43,39.99,1601.52,3,0,1
406,West,standard,month-to-month,bank-transfer,16,69.77,1043.82,1,1,0
407,West,basic,month-to-month,paypal,30,35.71,1117.75,2,0,1
408,West,basic,month-to-month,card,23,33.64,747.56,3,1,1
409,North,standard,month-to-month,paypal,33,57.06,1860.33,6,1,1
410,West,standard,month-to-month,card,36,66.19,2385.36,1,0,1
411,West,standard,two-year,invoice,7,67.84,455.49,0,0,0
412,West,basic,one-year,invoice,1,33.99,31.85,1,1,0
413,West,premium,month-to-month,bank-transfer,27,96.57,2690.32,3,0,1
414,West,premium,month-to-month,paypal,63,96.11,6302.88,0,1,0
415,West,basic,two-year,bank-transfer,16,27.44,424.5,5,1,0
416,South,basic,one-year,card,44,31.89,1453.08,0,1,0
417,South,standard,month-to-month,bank-transfer,64,64.3,4089.17,2,0,0
418,East,premium,two-year,invoice,59,92.57,5185.93,3,0,0
419,East,basic,month-to-month,invoice,16,38.45,616.43,7,1,1
420,South,basic,month-to-month,bank-transfer,61,35.54,2046.04,1,0,0
421,East,standard,one-year,card,9,62.78,557.28,1,0,0
422,South,premium,month-to-month,card,12,98.78,1140.95,1,0,1
423,North,basic,one-year,card,10,37.9,380.79,0,0,0
424,South,standard,month-to-month,paypal,43,59.41,2517.32,1,1,0
425,West,standard,month-to-month,invoice,18,69.06,1289.66,0,1,0
426,South,standard,two-year,bank-transfer,29,68.87,1924.73,2,1,0
427,North,standard,month-to-month,card,62,62.05,3697.95,0,0,1
428,East,premium,month-to-month,card,9,90.4,838.11,0,0,0
429,East,basic,two-year,card,37,23.13,867.73,2,1,0
430,West,basic,month-to-month,bank-transfer,71,26.8,1971.31,4,0,1
431,North,standard,one-year,bank-transfer,46,56.45,2434.49,0,0,1
432,East,premium,one-year,invoice,72,93.53,6668.17,1,1,0
433,East,standard,two-year,bank-transfer,12,59.37,690.09,1,0,0
434,West,standard,two-year,bank-transfer,16,57.85,914.12,6,0,0
435,South,premium,one-year,invoice,35,97.9,3379.62,1,0,0
436,East,basic,month-to-month,bank-transfer,21,32.26,648.44,2,0,0
437,East,standard,one-year,paypal,45,62.99,2937.88,1,0,0
438,South,standard,month-to-month,invoice,3,66.0,204.56,1,0,1
439,East,basic,one-year,card,49,33.86,1698.76,0,0,0
440,North,standard,month-to-month,invoice,20,60.4,1192.6,1,0,0
441,South,basic,month-to-month,paypal,57,26.56,1440.84,2,0,0
442,East,premium,month-to-month,paypal,36,92.66,3239.52,4,0,1
443,East,standard,month-to-month,paypal,50,54.18,2663.67,1,1,0
444,South,basic,two-year,invoice,63,24.34,1569.13,1,0,0
445,West,basic,two-year,card,61,28.9,1629.07,0,1,0
446,West,basic,one-year,paypal,5,26.66,135.57,1,1,0
447,North,standard,month-to-month,card,36,66.47,2394.5,1,0,1
448,East,standard,two-year,invoice,55,63.37,3354.35,0,1,0
449,North,standard,two-year,bank-transfer,43,58.2,2587.46,2,0,0
450,South,standard,month-to-month,bank-transfer,13,54.57,678.62,2,1,1
451,East,standard,month-to-month,paypal,68,54.23,3782.77,4,0,1
452,North,basic,month-to-month,bank-transfer,49,28.82,1480.97,1,1,0
453,West,basic,two-year,card,34,22.45,774.19,0,1,0
454,East,basic,two-year,bank-transfer,47,32.43,1598.56,0,0,0
455,South,basic,two-year,bank-transfer,4,38.62,145.04,3,1,0
456,South,standard,one-year,card,30,55.59,1551.71,0,1,0
457,West,basic,month-to-month,paypal,2,29.48,58.79,6,0,1
458,West,premium,month-to-month,paypal,68,92.57,6450.39,1,0,1
459,West,standard,two-year,bank-transfer,65,55.17,3359.79,0,0,0
460,North,basic,two-year,invoice,6,33.4,187.67,1,1,1
461,North,basic,one-year,paypal,35,25.2,904.56,8,0,0
462,South,standard,one-year,bank-transfer,28,59.89,1615.02,2,1,0
463,South,basic,month-to-month,paypal,53,37.37,1898.5,1,0,0
464,East,basic,one-year,paypal,61,27.44,1740.45,0,0,0
465,East,basic,month-to-month,paypal,7,25.73,169.46,3,1,1
466,North,premium,two-year,invoice,31,99.76,3134.85,1,1,0
467,North,basic,one-year,invoice,56,26.1,1481.33,0,0,0
468,West,standard,one-year,paypal,65,55.71,3634.18,0,1,0
469,East,premium,one-year,paypal,65,106.3,6962.05,0,1,0
470,East,premium,two-year,invoice,53,93.31,4739.89,0,1,0
471,East,standard,month-to-month,card,10,63.88,611.18,1,1,0
472,East,standard,month-to-month,card,29,54.85,1525.98,5,0,1
473,South,standard,month-to-month,paypal,38,60.86,2198.0,5,0,0
474,West,standard,month-to-month,paypal,49,54.29,2643.76,0,0,0
475,West,premium,two-year,paypal,41,104.31,4080.07,0,0,0
476,East,premium,two-year,bank-transfer,71,93.33,6384.68,0,0,0
477,East,standard,one-year,paypal,7,62.1,426.75,1,1,1
478,East,standard,month-to-month,paypal,10,60.63,570.49,1,1,0
479,South,premium,month-to-month,bank-transfer,61,104.2,5873.15,3,0,1
480,East,standard,month-to-month,bank-transfer,7,62.2,411.56,0,0,1
481,North,standard,month-to-month,invoice,26,57.06,1404.4,2,0,0
482,West,basic,month-to-month,invoice,49,28.6,1439.35,10,1,1
483,North,basic,one-year,card,39,22.09,856.12,2,1,0
484,West,standard,month-to-month,paypal,34,54.81,1746.26,0,1,0
485,West,basic,month-to-month,invoice,41,28.93,1104.37,3,0,0
486,South,standard,month-to-month,paypal,18,52.36,953.47,1,0,1
487,East,basic,one-year,invoice,64,24.38,1494.4,1,0,0
488,North,basic,month-to-month,card,53,31.86,1625.98,0,0,0
489,East,standard,two-year,invoice,50,64.76,3289.58,0,1,0
490,North,basic,two-year,invoice,46,22.76,1019.4,4,1,0
491,North,standard,one-year,invoice,67,56.38,3558.04,0,0,0
492,North,standard,month-to-month,invoice,18,68.06,1268.84,0,1,1
493,South,standard,month-to-month,bank-transfer,21,59.99,1197.81,1,0,1
494,North,basic,month-to-month,bank-transfer,11,37.97,395.85,2,0,0
495,South,basic,month-to-month,paypal,58,30.83,1857.08,6,0,1
496,North,standard,month-to-month,paypal,34,67.58,2238.28,3,0,1
497,West,basic,month-to-month,bank-transfer,42,23.98,982.11,1,0,1
498,North,basic,month-to-month,bank-transfer,71,30.3,2174.57,1,1,0
499,South,basic,two-year,invoice,41,38.21,1515.18,0,0,0
500,North,basic,month-to-month,invoice,33,37.38,1287.16,2,0,1
501,West,basic,month-to-month,bank-transfer,21,28.16,599.88,3,1,1
502,South,basic,one-year,invoice,50,32.28,1663.94,0,0,0
503,East,basic,month-to-month,invoice,54,37.24,1895.85,3,0,0
504,West,basic,month-to-month,bank-transfer,57,28.31,1592.08,1,0,0
505,South,standard,month-to-month,card,61,61.0,3448.68,2,0,0
506,North,basic,month-to-month,bank-transfer,53,32.95,1623.56,2,0,1
507,South,standard,month-to-month,paypal,63,64.56,4054.09,0,0,0
508,North,basic,month-to-month,card,53,24.64,1360.55,0,0,1
509,South,premium,two-year,bank-transfer,69,89.22,6272.98,5,0,0
510,West,premium,month-to-month,bank-transfer,26,98.22,2527.96,2,1,1
511,West,basic,month-to-month,bank-transfer,36,35.11,1316.36,0,0,0
512,West,standard,two-year,bank-transfer,55,61.62,3342.63,0,1,0
513,West,premium,one-year,bank-transfer,8,89.72,703.51,3,1,1
514,West,basic,month-to-month,bank-transfer,57,25.15,1410.65,0,0,1
515,South,basic,one-year,bank-transfer,1,38.57,37.75,0,1,0
516,South,basic,month-to-month,card,40,23.65,888.05,0,0,1
517,South,basic,month-to-month,bank-transfer,5,34.87,180.85,4,0,1
518,West,standard,one-year,paypal,5,58.77,271.49,0,1,0
519,North,basic,month-to-month,bank-transfer,37,32.85,1242.57,2,1,1
520,West,standard,two-year,invoice,41,57.02,2405.59,3,1,0
521,West,basic,month-to-month,invoice,4,36.86,140.83,0,0,1
522,West,basic,month-to-month,paypal,67,36.81,2418.63,4,1,1
523,East,basic,month-to-month,card,1,30.25,28.64,1,1,1
524,East,standard,month-to-month,invoice,31,55.57,1801.09,1,1,0
525,North,basic,one-year,bank-transfer,66,29.29,1951.74,4,0,0
526,East,basic,two-year,bank-transfer,29,35.01,1002.48,0,0,0
527,South,basic,one-year,invoice,22,37.09,855.75,4,0,1
528,East,basic,month-to-month,bank-transfer,69,35.9,2466.22,1,0,1
529,East,standard,two-year,invoice,50,60.89,2902.46,1,0,0
530,East,basic,one-year,card,2,34.13,67.13,3,1,0
531,East,premium,month-to-month,paypal,64,94.27,5660.22,0,0,0
532,West,standard,month-to-month,invoice,44,59.5,2619.35,8,0,1
533,West,basic,two-year,invoice,14,29.2,419.91,0,0,0
534,South,premium,one-year,invoice,9,93.74,833.29,0,1,0
535,North,premium,month-to-month,bank-transfer,20,91.45,1800.21,3,1,0
536,South,basic,one-year,card,55,31.75,1800.01,0,0,0
537,South,premium,one-year,card,40,103.03,4318.0,2,0,0
538,North,basic,month-to-month,invoice,8,27.35,201.88,2,1,1
539,West,premium,two-year,bank-transfer,64,104.07,6772.65,6,0,0
540,West,basic,month-to-month,paypal,65,29.76,1990.62,1,0,0
541,North,standard,month-to-month,card,29,66.64,1992.18,4,0,1
542,South,standard,one-year,bank-transfer,27,60.8,1672.7,2,0,1
543,North,standard,one-year,invoice,2,64.14,122.08,3,0,0
544,North,premium,one-year,invoice,19,94.29,1777.63,5,0,0
545,West,standard,month-to-month,invoice,55,52.49,2792.16,1,0,1
546,East,premium,one-year,paypal,21,89.41,1853.7,3,0,1
547,West,standard,month-to-month,paypal,57,56.84,3337.41,1,0,1
548,South,premium,two-year,invoice,40,99.45,3719.95,1,0,0
549,South,basic,month-to-month,card,24,26.8,605.4,0,0,1
550,South,premium,month-to-month,bank-transfer,64,97.99,6206.81,1,0,0
551,East,premium,two-year,paypal,60,100.04,5687.49,0,0,0
552,West,standard,two-year,paypal,58,62.29,3488.04,4,1,1
553,West,premium,one-year,card,13,91.07,1091.1,1,1,0
554,West,premium,two-year,paypal,27,94.22,2343.73,0,0,0
555,North,standard,one-year,invoice,53,63.36,3391.79,1,1,0
556,East,basic,month-to-month,bank-transfer,2,29.91,56.2,0,0,0
557,North,standard,month-to-month,card,65,56.6,3692.84,15,0,1
558,East,standard,month-to-month,invoice,38,68.49,2409.1,2,0,1
559,West,premium,month-to-month,bank-transfer,56,103.01,5470.35,3,0,1
560,West,standard,two-year,bank-transfer,30,58.52,1656.04,6,0,1
561,South,standard,month-to-month,invoice,17,67.34,1131.19,3,0,1
562,South,premium,month-to-month,card,66,96.12,6652.84,0,0,1
563,East,premium,two-year,card,69,93.74,6618.32,1,0,0
564,West,basic,one-year,card,55,26.05,1451.95,4,1,0
565,East,premium,month-to-month,invoice,62,105.52,6153.22,1,0,0
566,West,standard,month-to-month,bank-transfer,31,60.24,1835.55,0,0,0
567,South,basic,one-year,card,37,31.68,1170.24,1,0,0
568,East,basic,month-to-month,invoice,24,23.74,565.39,4,0,0
569,South,basic,month-to-month,bank-transfer,42,37.25,1554.19,1,1,0
570,East,premium,month-to-month,card,52,100.5,5363.26,2,0,1
571,North,basic,month-to-month,invoice,5,26.4,128.69,3,0,1
572,North,basic,month-to-month,paypal,5,36.63,172.85,2,0,1
573,North,standard,one-year,card,69,63.63,4433.33,2,0,1
574,West,premium,one-year,card,15,102.65,1434.83,1,0,1
575,South,basic,month-to-month,invoice,15,26.58,413.82,1,1,0
576,West,basic,one-year,card,12,23.83,283.94,0,1,1
577,West,basic,two-year,bank-transfer,46,35.05,1545.21,0,0,0
578,East,basic,two-year,bank-transfer,32,31.04,967.0,1,0,0
579,West,standard,month-to-month,paypal,37,67.05,2305.6,0,1,0
580,South,basic,two-year,paypal,34,38.75,1233.11,3,1,0
581,South,premium,month-to-month,paypal,26,94.03,2513.57,8,0,1
582,South,standard,month-to-month,invoice,18,62.96,1117.95,1,0,1
583,East,standard,one-year,bank-transfer,58,64.6,3622.91,0,0,0
584,East,premium,one-year,paypal,55,105.72,5358.96,2,0,0
585,South,standard,month-to-month,paypal,7,53.76,384.67,2,0,1
586,South,basic,one-year,invoice,56,38.85,2020.31,0,1,0
587,North,basic,two-year,paypal,46,39.59,1835.57,3,0,0
588,East,basic,one-year,card,36,23.88,796.03,2,0,0
589,South,basic,month-to-month,paypal,29,33.83,946.72,0,0,0
590,West,basic,month-to-month,bank-transfer,29,23.75,663.21,2,0,0
591,North,standard,month-to-month,invoice,33,56.88,1817.49,1,1,0
592,East,standard,one-year,bank-transfer,50,66.17,3098.81,1,0,0
593,West,basic,one-year,paypal,6,35.2,219.0,0,0,0
594,West,basic,two-year,card,53,29.24,1567.68,0,0,0
595,West,premium,month-to-month,bank-transfer,63,103.83,6432.76,0,0,0
596,North,basic,month-to-month,card,26,33.2,865.49,0,0,0
597,South,premium,two-year,paypal,43,103.61,4599.71,0,0,0
598,North,basic,one-year,invoice,7,27.02,176.94,0,1,0
599,North,premium,month-to-month,invoice,32,97.83,2950.04,0,0,1
600,South,standard,two-year,bank-transfer,6,55.87,351.27,2,1,1
601,South,standard,month-to-month,card,71,67.32,4773.17,2,0,1
602,West,basic,month-to-month,bank-transfer,27,36.47,934.24,1,1,1
603,South,basic,two-year,bank-transfer,19,34.37,653.94,0,0,0
604,East,standard,month-to-month,paypal,6,56.82,341.3,0,1,0
605,South,premium,month-to-month,card,30,99.46,2927.5,2,1,1
606,West,basic,month-to-month,invoice,14,32.19,443.1,2,0,0
607,East,standard,month-to-month,card,60,61.66,3723.42,2,0,1
608,North,basic,month-to-month,invoice,54,36.7,2037.39,5,1,1
609,North,basic,one-year,paypal,22,27.67,625.99,0,1,0
610,South,basic,two-year,card,26,38.14,1034.95,0,0,1
611,East,basic,month-to-month,bank-transfer,4,38.36,160.68,0,0,1
612,South,basic,month-to-month,paypal,64,22.9,1536.85,4,0,0
613,West,standard,month-to-month,invoice,63,59.78,3575.02,4,0,1
614,West,premium,one-year,bank-transfer,40,100.03,3905.1,1,1,1
615,West,basic,month-to-month,card,35,22.91,767.62,5,1,1
616,North,basic,month-to-month,paypal,37,39.7,1362.49,0,1,0
617,East,standard,month-to-month,invoice,14,53.2,777.66,2,0,0
618,West,standard,two-year,bank-transfer,11,60.57,628.66,2,0,0
619,North,standard,one-year,card,3,54.6,163.27,0,1,0
620,East,basic,month-to-month,paypal,51,35.07,1849.76,3,0,1
621,West,premium,month-to-month,bank-transfer,66,98.79,6179.98,0,1,0
622,East,basic,one-year,invoice,21,25.35,543.32,2,0,0
623,South,premium,two-year,bank-transfer,32,95.73,3141.47,0,0,1
624,East,standard,two-year,paypal,3,56.72,165.21,1,1,0
625,South,standard,two-year,paypal,12,60.43,676.91,1,0,0
626,West,premium,month-to-month,invoice,30,104.81,3283.51,2,0,1
627,West,standard,one-year,bank-transfer,48,64.96,2879.43,4,1,0
628,West,basic,month-to-month,bank-transfer,32,33.15,1022.4,0,0,1
629,East,basic,two-year,bank-transfer,47,29.82,1403.41,1,0,0
630,East,standard,month-to-month,card,63,61.35,3880.11,1,0,0
631,West,premium,month-to-month,paypal,46,106.78,4913.53,0,1,0
632,North,basic,month-to-month,invoice,45,32.37,1493.19,3,1,0
633,East,basic,two-year,invoice,28,30.86,899.2,7,0,1
634,North,basic,month-to-month,bank-transfer,52,22.17,1192.2,0,0,1
635,East,standard,month-to-month,bank-transfer,16,55.36,923.69,5,0,1
636,East,basic,month-to-month,card,35,28.9,944.19,4,0,0
637,East,standard,one-year,invoice,3,68.84,202.77,2,0,1
638,East,standard,month-to-month,paypal,14,53.59,762.68,1,0,1
639,West,premium,month-to-month,card,14,99.05,1365.59,0,1,1
640,West,premium,one-year,paypal,51,92.75,4365.7,1,0,1
641,South,basic,month-to-month,bank-transfer,28,38.81,1138.23,4,0,1
642,North,standard,month-to-month,card,44,53.23,2328.83,0,1,1
643,West,standard,month-to-month,invoice,59,55.83,3094.38,3,0,1
644,West,standard,one-year,paypal,71,66.22,4331.73,2,0,0
645,North,basic,one-year,bank-transfer,63,38.94,2360.56,1,0,0
646,South,premium,month-to-month,card,33,97.18,3198.29,1,0,1
647,North,standard,month-to-month,bank-transfer,10,54.09,538.45,3,1,0
648,South,basic,month-to-month,paypal,54,24.15,1263.57,2,0,0
649,West,standard,one-year,paypal,70,67.03,4853.13,3,0,0
650,North,basic,month-to-month,invoice,20,38.31,797.93,4,0,1
651,West,standard,month-to-month,paypal,11,61.32,701.2,1,0,1
652,South,standard,two-year,card,9,65.3,543.07,0,1,1
653,South,basic,month-to-month,paypal,15,27.12,387.5,1,0,0
654,West,basic,month-to-month,bank-transfer,38,27.25,1082.37,3,1,1
655,South,premium,one-year,card,32,96.54,3096.55,2,0,1
656,South,premium,one-year,paypal,49,97.1,4430.47,1,1,0
657,West,basic,month-to-month,card,40,23.22,920.33,1,1,0
658,South,standard,month-to-month,invoice,34,60.64,1906.24,0,0,1
659,West,basic,month-to-month,bank-transfer,5,23.58,118.67,0,0,1
660,West,basic,one-year,card,38,26.19,979.86,0,0,0
661,West,basic,two-year,paypal,57,29.79,1621.32,4,1,0
662,East,basic,two-year,card,23,29.98,715.42,3,0,0
663,North,basic,one-year,bank-transfer,36,28.77,1036.52,0,0,0
664,East,standard,month-to-month,paypal,62,62.55,3604.13,1,0,1
665,East,premium,month-to-month,invoice,47,102.77,5035.26,0,1,1
666,East,standard,one-year,paypal,26,65.73,1688.0,2,1,1
667,East,premium,month-to-month,bank-transfer,27,95.1,2427.0,8,1,0
668,East,standard,month-to-month,paypal,36,53.88,1868.7,5,0,1
669,West,premium,month-to-month,paypal,21,98.72,1914.27,2,1,1
670,East,basic,two-year,invoice,13,31.37,387.36,1,0,0
671,West,basic,one-year,bank-transfer,3,23.87,74.8,0,1,0
672,North,basic,month-to-month,card,58,31.95,1921.82,3,0,0
673,East,premium,month-to-month,invoice,10,101.71,1028.99,0,0,1
674,South,standard,month-to-month,bank-transfer,18,57.23,969.12,3,1,1
675,North,basic,one-year,bank-transfer,49,31.09,1478.66,2,0,1
676,North,basic,month-to-month,card,22,32.76,692.09,0,0,1
677,West,premium,month-to-month,invoice,11,90.27,941.02,0,1,1
678,East,basic,month-to-month,card,30,23.24,711.2,2,0,1
679,West,standard,month-to-month,card,59,54.22,3094.65,1,0,0
680,East,basic,one-year,paypal,11,39.86,458.01,3,0,0
681,South,basic,two-year,paypal,12,38.38,433.83,3,0,0
682,East,basic,month-to-month,invoice,41,32.11,1280.9,0,0,0
683,West,standard,month-to-month,card,17,54.2,958.81,0,0,1
684,South,standard,month-to-month,paypal,61,68.62,4390.21,0,0,0
685,North,basic,month-to-month,paypal,67,35.93,2427.17,1,0,1
686,South,basic,month-to-month,paypal,46,22.51,970.87,9,1,1
687,West,premium,one-year,paypal,66,90.1,5506.89,1,1,0
688,East,premium,one-year,card,23,92.78,2121.94,0,0,1
689,West,standard,month-to-month,bank-transfer,51,57.71,3061.61,2,1,1
690,West,premium,one-year,invoice,71,105.26,7558.8,0,0,0
691,West,standard,one-year,paypal,51,63.45,3323.13,6,0,1
692,West,standard,month-to-month,card,10,58.91,599.05,3,0,1
693,West,premium,month-to-month,card,37,91.55,3174.06,0,0,1
694,West,basic,month-to-month,card,10,26.31,268.38,3,0,0
695,East,basic,one-year,bank-transfer,26,33.82,853.05,5,1,0
696,South,standard,month-to-month,invoice,62,59.4,3835.57,1,0,0
697,North,basic,month-to-month,paypal,72,23.39,1638.79,0,0,0
698,South,standard,month-to-month,paypal,40,63.92,2642.85,1,0,1
699,East,basic,month-to-month,card,56,27.17,1421.76,0,0,0
700,North,premium,month-to-month,invoice,7,106.3,760.12,1,1,1
701,East,basic,month-to-month,bank-transfer,18,23.69,431.81,0,1,0
702,East,standard,month-to-month,bank-transfer,38,61.13,2423.15,0,1,1
703,East,standard,one-year,bank-transfer,24,58.79,1437.47,1,0,0
704,North,basic,month-to-month,card,29,31.85,885.71,1,0,0
705,North,standard,one-year,card,44,55.14,2469.71,0,0,0
706,East,standard,month-to-month,paypal,27,55.45,1402.38,3,0,1
707,North,premium,month-to-month,card,3,99.84,286.87,3,0,1
708,South,basic,one-year,paypal,71,32.86,2409.92,0,0,0
709,West,basic,month-to-month,card,4,36.49,150.2,0,0,1
710,West,standard,one-year,invoice,9,66.81,614.72,0,0,0
711,West,premium,one-year,invoice,5,96.41,478.72,2,0,0
712,North,premium,one-year,paypal,29,98.17,2777.81,10,1,1
713,South,basic,one-year,bank-transfer,15,27.37,409.59,1,1,1
714,North,basic,two-year,bank-transfer,8,25.78,195.55,1,1,0
715,East,premium,month-to-month,paypal,21,96.3,1874.18,2,0,0
716,West,standard,month-to-month,card,20,61.77,1177.13,6,1,1
717,South,basic,one-year,bank-transfer,10,28.75,299.08,0,0,1
718,East,basic,one-year,paypal,18,23.59,394.46,0,1,0
719,South,standard,two-year,paypal,19,57.62,1141.88,1,1,0
720,South,basic,month-to-month,paypal,45,24.45,1066.92,1,0,1
721,East,basic,one-year,paypal,37,31.1,1106.09,2,0,0
722,East,standard,one-year,invoice,18,67.61,1181.02,6,1,1
723,North,premium,month-to-month,card,53,100.11,5212.99,5,1,1
724,East,basic,month-to-month,card,7,33.19,219.55,3,1,1
725,West,standard,one-year,bank-transfer,51,54.64,2866.91,7,0,0
726,East,basic,two-year,card,17,38.3,603.17,0,0,0
727,East,premium,month-to-month,bank-transfer,31,94.1,2754.28,5,1,1
728,North,basic,one-year,invoice,66,39.7,2743.97,0,1,0
729,North,basic,month-to-month,invoice,43,38.56,1626.53,5,1,0
730,East,standard,month-to-month,bank-transfer,28,61.82,1656.74,1,0,0
731,North,basic,two-year,paypal,18,27.35,486.96,5,1,0
732,East,basic,month-to-month,card,1,23.08,21.96,1,1,0
733,South,basic,one-year,paypal,45,29.47,1348.81,0,0,0
734,West,basic,one-year,card,44,26.04,1079.46,0,1,0
735,West,premium,month-to-month,bank-transfer,72,96.75,7296.91,2,0,0
736,North,basic,month-to-month,bank-transfer,9,29.29,269.37,1,1,0
737,South,premium,one-year,card,56,94.68,5416.15,2,1,0
738,East,standard,month-to-month,card,39,66.62,2575.98,3,0,0
739,East,premium,month-to-month,invoice,43,103.73,4138.65,3,0,1
740,East,basic,month-to-month,paypal,2,35.71,71.42,0,1,1
741,South,standard,month-to-month,paypal,43,60.28,2618.23,0,0,0
742,West,basic,month-to-month,card,12,25.55,286.15,1,0,1
743,West,premium,one-year,bank-transfer,62,98.37,5775.47,2,1,0
744,West,standard,one-year,invoice,4,68.62,268.93,3,1,1
745,North,basic,one-year,invoice,26,33.31,899.93,2,0,0
746,North,standard,two-year,invoice,32,60.65,1950.0,0,0,0
747,South,standard,one-year,card,61,59.58,3468.82,3,1,0
748,South,standard,one-year,invoice,26,64.0,1560.55,4,1,1
749,East,basic,two-year,card,12,29.06,324.95,0,1,0
750,South,basic,month-to-month,paypal,29,37.72,1110.34,8,0,1
751,South,premium,month-to-month,paypal,23,101.55,2343.79,1,1,0
752,South,basic,one-year,card,64,23.49,1575.81,3,0,0
753,North,standard,month-to-month,paypal,8,57.67,430.63,1,1,0
754,South,premium,one-year,paypal,12,94.67,1119.32,3,0,0
755,South,basic,one-year,card,9,29.79,267.64,1,1,0
756,South,basic,two-year,bank-transfer,51,34.82,1780.13,3,0,0
757,East,basic,month-to-month,bank-transfer,5,35.38,174.42,2,1,1
758,North,basic,month-to-month,invoice,50,22.77,1118.7,0,1,0
759,North,standard,one-year,paypal,17,55.74,883.05,1,0,0
760,West,basic,month-to-month,paypal,67,29.82,2062.89,1,0,0
761,West,standard,one-year,paypal,54,55.62,3151.25,0,1,0
762,North,basic,month-to-month,paypal,24,36.21,899.39,4,0,0
763,North,premium,month-to-month,card,33,99.03,3303.45,3,1,1
764,East,basic,month-to-month,paypal,49,39.76,1997.19,2,0,0
765,West,premium,month-to-month,card,1,103.85,102.45,0,1,1
766,South,basic,month-to-month,invoice,12,25.77,301.95,0,0,0
767,South,premium,month-to-month,paypal,44,105.13,4686.39,1,0,1
768,North,standard,month-to-month,card,46,66.94,3061.84,4,1,1
769,West,basic,month-to-month,bank-transfer,30,34.18,989.97,0,0,0
770,East,basic,month-to-month,bank-transfer,19,22.84,432.77,5,0,1
771,South,premium,month-to-month,card,54,98.34,5114.67,1,0,0
772,West,basic,two-year,paypal,64,31.84,1985.4,2,0,0
773,East,standard,month-to-month,invoice,23,65.62,1545.55,4,0,1
774,West,standard,one-year,paypal,28,67.77,1903.01,2,0,1
775,West,basic,month-to-month,invoice,43,27.02,1198.71,2,0,1
776,North,premium,two-year,paypal,25,103.29,2535.12,0,1,0
777,North,basic,month-to-month,paypal,25,33.71,848.23,0,0,0
778,North,standard,month-to-month,bank-transfer,42,55.26,2290.26,1,1,0
779,North,basic,month-to-month,paypal,2,34.22,68.44,4,0,1
780,South,basic,two-year,paypal,22,27.5,557.27,0,1,0
781,East,basic,two-year,invoice,22,38.11,839.22,1,0,0
782,North,premium,two-year,paypal,49,103.0,5025.28,3,0,1
783,South,basic,one-year,bank-transfer,57,30.33,1746.27,0,0,0
784,East,basic,one-year,invoice,25,25.43,642.1,1,0,0
785,East,basic,month-to-month,invoice,2,30.14,56.9,5,0,0
786,West,premium,month-to-month,paypal,60,97.68,5716.09,0,0,0
787,West,basic,month-to-month,paypal,20,23.27,450.27,1,0,0
788,North,basic,month-to-month,paypal,34,34.23,1196.81,2,0,1
789,West,basic,month-to-month,invoice,47,25.54,1225.97,0,0,0
790,East,basic,month-to-month,invoice,67,37.81,2575.37,2,0,1
791,East,basic,month-to-month,invoice,20,27.03,547.26,0,0,0
792,North,standard,one-year,bank-transfer,11,54.03,621.38,0,1,0
793,East,standard,month-to-month,paypal,2,69.68,133.06,0,1,1
794,South,basic,two-year,bank-transfer,50,28.77,1373.59,1,1,0
795,East,basic,one-year,card,50,34.13,1611.35,1,1,0
796,South,standard,month-to-month,card,68,57.87,3631.32,2,1,1
797,South,premium,one-year,invoice,28,106.05,3038.09,0,0,1
798,North,standard,two-year,invoice,41,52.37,2002.83,1,0,0
799,South,basic,month-to-month,invoice,3,22.55,69.46,0,1,0
800,West,premium,month-to-month,invoice,38,105.31,4155.85,2,0,1
801,North,standard,month-to-month,paypal,35,64.8,2143.67,5,0,1
802,South,standard,month-to-month,paypal,15,61.4,943.19,0,0,1
803,North,basic,month-to-month,bank-transfer,39,24.24,990.33,0,0,0
804,West,standard,month-to-month,card,61,65.55,4025.85,1,0,0
805,South,standard,month-to-month,paypal,29,62.88,1740.77,0,0,0
806,West,standard,month-to-month,card,54,52.46,2853.49,2,0,1
807,West,basic,one-year,card,36,26.56,879.97,1,0,0
808,East,standard,one-year,card,29,67.3,2026.15,0,1,0
809,East,premium,month-to-month,paypal,52,90.29,4845.33,0,1,0
810,North,premium,two-year,bank-transfer,39,96.53,3520.41,2,1,1
811,East,basic,month-to-month,card,59,22.2,1205.9,0,0,0
812,West,basic,one-year,bank-transfer,70,38.07,2744.32,1,1,0
813,South,basic,month-to-month,bank-transfer,2,26.13,53.02,0,0,1
814,East,standard,two-year,invoice,15,52.64,820.68,0,0,0
815,North,basic,two-year,card,25,24.86,582.2,2,1,0
816,South,premium,month-to-month,bank-transfer,4,92.28,343.23,4,0,1
817,East,basic,month-to-month,card,52,39.54,2127.46,0,0,1
818,North,basic,month-to-month,bank-transfer,26,32.71,878.34,0,0,0
819,North,standard,one-year,bank-transfer,1,69.67,70.18,1,0,0
820,North,premium,two-year,bank-transfer,23,100.43,2420.39,1,1,0
821,West,standard,month-to-month,card,70,69.23,4978.95,0,0,1
822,West,basic,month-to-month,invoice,10,33.48,342.59,0,0,1
823,South,basic,month-to-month,invoice,45,25.45,1174.63,2,0,0
824,West,basic,month-to-month,invoice,12,26.02,303.63,2,0,1
825,East,premium,month-to-month,invoice,23,91.39,2098.09,4,1,1
826,West,basic,month-to-month,invoice,59,39.45,2323.53,3,0,0
827,South,basic,month-to-month,card,53,35.5,1836.18,3,1,0
828,South,standard,month-to-month,paypal,16,67.92,1108.92,0,0,0
829,West,basic,two-year,paypal,12,29.18,354.4,2,1,0
830,East,standard,one-year,bank-transfer,49,62.74,2860.31,0,1,0
831,East,premium,month-to-month,bank-transfer,52,99.89,4816.37,1,1,0
832,West,basic,two-year,card,56,29.31,1519.59,2,1,0
833,South,basic,month-to-month,bank-transfer,22,24.8,507.29,3,0,1
834,West,basic,one-year,invoice,69,25.86,1810.88,0,0,0
835,South,basic,one-year,bank-transfer,26,24.27,636.54,1,0,0
836,West,basic,month-to-month,paypal,18,25.12,422.04,2,0,0
837,West,standard,month-to-month,bank-transfer,50,63.29,3032.24,0,0,1
838,East,standard,one-year,paypal,12,63.9,791.28,3,1,0
839,North,standard,month-to-month,invoice,41,60.71,2324.67,1,1,0
840,West,standard,one-year,paypal,69,53.61,3607.65,0,1,0
841,West,basic,one-year,card,66,28.79,1992.58,0,1,0
842,West,standard,one-year,card,35,67.64,2343.07,1,1,0
843,North,standard,month-to-month,bank-transfer,28,69.49,1992.16,5,1,1
844,South,basic,month-to-month,paypal,27,34.91,939.02,0,0,0
845,North,standard,one-year,bank-transfer,58,66.82,4037.28,5,1,1
846,South,premium,two-year,invoice,13,98.3,1285.49,1,0,1
847,North,standard,month-to-month,bank-transfer,18,68.25,1257.18,0,0,1
848,West,standard,one-year,card,46,58.73,2701.4,0,1,0
849,East,premium,month-to-month,bank-transfer,61,105.41,6417.06,0,0,1
850,East,basic,month-to-month,card,47,29.35,1425.42,5,1,1
851,North,standard,two-year,bank-transfer,59,64.11,3556.4,0,0,0
852,West,premium,two-year,card,30,97.99,2889.85,2,0,0
853,North,standard,two-year,bank-transfer,63,69.22,4092.27,0,1,0
854,West,standard,month-to-month,paypal,26,53.56,1362.62,1,0,1
855,North,basic,month-to-month,bank-transfer,5,36.0,171.43,3,1,1
856,South,basic,one-year,paypal,66,25.63,1567.64,0,1,0
857,East,basic,two-year,paypal,38,28.63,1007.24,0,1,0
858,West,basic,month-to-month,bank-transfer,49,39.33,1935.81,0,0,1
859,West,basic,month-to-month,invoice,63,39.02,2450.19,1,1,0
860,North,standard,one-year,paypal,62,69.76,4370.66,0,0,0
861,South,basic,one-year,invoice,5,30.64,152.02,0,1,0
862,South,standard,month-to-month,invoice,7,59.75,397.29,0,0,1
863,West,standard,month-to-month,bank-transfer,69,61.9,4116.09,7,0,0
864,North,premium,one-year,invoice,46,105.53,4997.65,0,1,0
865,South,standard,two-year,bank-transfer,17,60.6,969.43,0,0,0
866,South,premium,two-year,card,34,98.35,3254.03,3,1,1
867,West,premium,one-year,invoice,50,91.18,4729.18,7,1,1
868,West,basic,month-to-month,invoice,56,31.23,1736.09,7,1,1
869,East,premium,one-year,invoice,42,106.02,4177.57,3,0,1
870,North,standard,one-year,paypal,72,59.2,4304.85,1,1,0
871,West,standard,two-year,paypal,49,61.47,3026.38,6,0,0
872,South,premium,month-to-month,card,3,93.04,281.13,1,1,1
873,North,basic,month-to-month,invoice,34,36.95,1185.6,0,0,0
874,East,standard,one-year,card,62,64.55,4052.39,3,1,0
875,West,basic,month-to-month,invoice,7,29.37,189.18,0,0,1
876,East,standard,two-year,bank-transfer,17,57.45,993.22,2,1,0
877,East,premium,month-to-month,paypal,24,92.12,2258.93,5,0,0
878,East,standard,one-year,invoice,42,66.82,2688.75,1,1,0
879,South,basic,month-to-month,paypal,72,23.86,1612.72,9,0,1
880,East,premium,two-year,card,67,97.76,6528.72,1,0,0
881,East,premium,month-to-month,paypal,51,98.53,4949.5,0,1,0
882,East,basic,two-year,paypal,62,23.7,1485.63,2,0,0
883,West,standard,two-year,paypal,15,62.04,955.69,1,0,0
884,South,standard,month-to-month,paypal,47,56.79,2597.78,1,0,1
885,West,basic,month-to-month,bank-transfer,6,29.79,168.88,2,1,1
886,West,standard,month-to-month,paypal,9,67.67,611.67,0,1,1
887,South,standard,two-year,bank-transfer,65,69.81,4499.61,0,1,0
888,North,standard,month-to-month,paypal,36,60.39,2097.91,2,0,1
889,West,standard,month-to-month,invoice,43,68.7,2861.37,3,0,1
890,West,standard,one-year,paypal,35,59.47,1946.77,1,0,1
891,East,basic,month-to-month,paypal,33,27.77,884.28,4,0,0
892,North,basic,month-to-month,card,69,29.14,2056.37,1,1,0
893,North,standard,two-year,card,25,54.88,1381.14,1,0,1
894,North,basic,month-to-month,invoice,18,29.18,501.09,0,1,0
895,South,basic,one-year,bank-transfer,52,24.45,1196.56,3,0,0
896,North,premium,month-to-month,bank-transfer,71,99.64,7121.75,2,1,0
897,West,basic,one-year,invoice,60,39.21,2403.17,1,0,0
898,East,standard,one-year,paypal,49,58.54,2739.58,8,0,0
899,East,standard,month-to-month,invoice,67,65.28,4232.18,2,0,1
900,East,basic,two-year,card,17,34.19,547.64,1,0,0
901,West,basic,two-year,invoice,61,36.82,2089.07,0,0,0
902,East,premium,month-to-month,invoice,13,100.33,1348.52,1,0,1
903,West,standard,two-year,card,38,54.65,1935.13,1,0,0
904,East,standard,two-year,invoice,56,59.04,3272.06,3,0,1
905,East,premium,month-to-month,bank-transfer,7,96.06,629.07,3,0,1
906,South,standard,month-to-month,invoice,19,63.23,1135.39,0,1,0
907,West,basic,month-to-month,bank-transfer,24,23.19,513.21,2,0,1
908,West,standard,month-to-month,bank-transfer,1,62.35,62.11,1,1,1
909,South,standard,two-year,invoice,17,53.96,905.14,2,1,0
910,West,basic,two-year,card,70,22.93,1485.13,2,1,0
911,South,standard,two-year,card,40,52.6,2042.79,5,0,0
912,South,standard,one-year,card,49,64.68,3065.63,0,1,0
913,East,basic,one-year,bank-transfer,31,33.9,994.99,1,0,0
914,West,premium,one-year,card,19,102.12,1988.22,0,1,0
915,West,basic,month-to-month,paypal,6,34.55,199.59,0,1,1
916,East,basic,one-year,paypal,66,25.16,1669.17,1,0,0
917,West,standard,two-year,card,61,53.64,3359.87,0,0,0
918,South,premium,month-to-month,invoice,56,102.17,5441.35,0,1,0
919,East,standard,month-to-month,invoice,38,69.18,2523.41,4,0,1
920,South,basic,month-to-month,invoice,18,39.81,713.85,1,0,1
921,East,basic,month-to-month,paypal,34,32.44,1133.61,5,1,0
922,West,premium,one-year,invoice,22,91.34,1951.76,5,0,1
923,East,premium,one-year,bank-transfer,50,101.64,4957.46,1,0,0
924,South,premium,month-to-month,paypal,13,101.88,1267.86,0,0,1
925,East,premium,two-year,card,7,106.12,763.99,0,0,0
926,North,premium,two-year,bank-transfer,24,104.43,2556.51,1,0,0
927,South,standard,month-to-month,invoice,37,56.86,2033.5,1,0,0
928,North,standard,two-year,invoice,58,55.57,3095.21,0,0,0
929,South,basic,one-year,invoice,2,34.79,67.9,3,0,0
930,West,standard,month-to-month,card,66,59.08,3851.74,1,1,0
931,East,basic,month-to-month,paypal,40,28.2,1118.3,2,1,0
932,East,premium,one-year,bank-transfer,25,97.49,2558.01,7,1,1
933,West,basic,one-year,card,11,34.64,360.0,0,1,0
934,West,premium,two-year,paypal,10,94.33,939.36,2,1,0
935,West,premium,month-to-month,bank-transfer,14,104.23,1467.82,0,0,1
936,North,standard,month-to-month,paypal,67,62.7,4320.28,1,0,0
937,East,basic,month-to-month,paypal,27,30.85,868.72,1,0,1
938,East,basic,month-to-month,bank-transfer,41,35.65,1411.71,0,0,1
939,East,premium,one-year,paypal,40,106.44,4224.35,4,0,0
940,South,basic,month-to-month,paypal,43,37.34,1619.63,0,1,0
941,West,basic,one-year,invoice,20,29.83,597.76,3,1,0
942,South,standard,two-year,bank-transfer,11,52.53,535.55,1,1,1
943,North,standard,month-to-month,card,60,52.75,3176.77,1,1,1
944,West,premium,two-year,card,35,100.62,3386.84,2,0,0
945,East,standard,two-year,card,40,66.0,2732.42,2,1,0
946,East,basic,one-year,card,10,28.1,289.8,1,1,0
947,West,basic,one-year,paypal,42,34.01,1489.79,1,0,0
948,North,basic,one-year,card,6,35.88,215.3,0,0,1
949,North,standard,month-to-month,bank-transfer,62,53.89,3364.79,1,1,0
950,West,premium,one-year,paypal,32,96.35,3134.11,3,0,1
951,West,standard,month-to-month,paypal,29,66.34,1779.3,0,0,1
952,South,standard,one-year,invoice,39,52.82,1916.52,1,0,0
953,South,basic,month-to-month,card,48,39.78,1948.94,0,0,1
954,West,premium,month-to-month,card,38,103.97,3815.08,0,0,0
955,West,premium,month-to-month,paypal,45,95.2,4394.47,0,0,1
956,West,premium,month-to-month,bank-transfer,34,91.04,2887.11,0,0,1
957,North,basic,month-to-month,bank-transfer,52,27.77,1392.87,1,1,0
958,East,basic,one-year,paypal,42,31.73,1332.53,0,0,0
959,East,standard,month-to-month,card,15,61.05,890.6,0,0,0
960,East,standard,month-to-month,card,11,52.99,543.9,3,0,1
961,East,premium,one-year,paypal,68,101.05,6645.73,1,0,0
962,South,standard,one-year,invoice,29,56.81,1677.26,1,0,0
963,West,basic,one-year,card,33,28.4,868.26,4,0,0
964,North,basic,month-to-month,paypal,13,29.43,397.97,1,0,0
965,East,basic,month-to-month,card,6,35.58,214.16,1,1,0
966,South,basic,one-year,bank-transfer,48,28.8,1282.68,4,1,1
967,West,basic,month-to-month,invoice,30,29.71,850.04,0,0,1
968,South,standard,month-to-month,invoice,63,60.26,3864.21,5,0,1
969,South,standard,month-to-month,invoice,1,60.14,62.98,1,0,1
970,North,standard,two-year,invoice,31,61.56,1931.19,1,1,0
971,South,basic,month-to-month,paypal,65,23.5,1562.23,1,0,0
972,East,standard,one-year,bank-transfer,53,66.54,3293.07,0,0,0
973,West,basic,two-year,invoice,54,24.11,1322.42,1,0,0
974,South,premium,month-to-month,paypal,6,102.67,611.27,0,0,1
975,West,basic,month-to-month,paypal,24,30.62,749.72,0,1,0
976,East,basic,one-year,invoice,37,33.29,1171.93,1,1,0
977,North,standard,month-to-month,card,71,59.5,4079.19,2,0,0
978,West,basic,one-year,paypal,16,26.82,447.91,0,0,0
979,East,premium,one-year,card,20,96.03,1856.48,2,0,1
980,West,premium,one-year,card,40,95.29,3858.7,4,1,1
981,North,basic,two-year,invoice,9,23.68,209.19,0,0,0
982,North,basic,month-to-month,card,39,32.92,1279.69,4,1,1
983,West,basic,one-year,bank-transfer,22,27.53,576.68,2,1,0
984,West,basic,two-year,invoice,13,23.93,302.77,3,0,0
985,South,basic,month-to-month,invoice,45,27.32,1231.59,0,1,0
986,North,basic,month-to-month,card,33,27.27,828.1,3,0,1
987,East,premium,month-to-month,paypal,9,99.88,852.62,0,0,1
988,South,premium,one-year,invoice,5,98.21,492.48,10,0,1
989,East,standard,month-to-month,invoice,34,68.41,2143.29,4,0,1
990,North,standard,one-year,card,38,67.42,2439.62,4,0,1
991,South,basic,month-to-month,paypal,12,25.22,293.91,6,0,1
992,East,standard,month-to-month,bank-transfer,16,63.5,1021.47,1,1,0
993,North,basic,one-year,invoice,49,36.58,1690.55,2,0,0
994,South,standard,month-to-month,paypal,19,55.84,1024.45,0,0,1
995,North,standard,month-to-month,paypal,26,61.2,1630.84,0,0,0
996,South,basic,month-to-month,invoice,40,38.29,1545.84,6,1,1
997,West,premium,month-to-month,bank-transfer,58,104.79,6240.2,1,0,0
998,South,standard,month-to-month,paypal,67,66.82,4655.24,2,1,0
999,West,premium,month-to-month,card,71,105.62,7864.66,0,0,1
1000,West,premium,two-year,paypal,26,92.98,2419.84,0,1,1
1001,North,standard,month-to-month,bank-transfer,51,68.08,3220.72,0,0,1
1002,South,basic,month-to-month,invoice,24,34.21,838.91,2,0,1
1003,East,basic,two-year,card,67,36.54,2540.43,2,0,0
1004,West,basic,two-year,card,56,25.72,1442.04,0,0,0
1005,South,premium,month-to-month,bank-transfer,19,95.95,1836.67,0,1,0
1006,West,basic,one-year,invoice,33,26.77,883.07,0,0,0
1007,East,premium,month-to-month,bank-transfer,17,91.77,1488.82,0,0,0
1008,East,basic,month-to-month,paypal,44,31.04,1323.57,3,1,0
1009,South,premium,one-year,invoice,21,99.26,2155.03,0,0,0
1010,South,standard,month-to-month,invoice,55,65.23,3350.01,0,0,0
1011,North,premium,month-to-month,bank-transfer,18,96.05,1606.39,2,1,1
1012,East,premium,two-year,bank-transfer,44,89.69,4097.22,0,0,0
1013,North,basic,one-year,card,28,23.52,672.41,2,1,0
1014,South,standard,month-to-month,paypal,52,60.52,3008.01,3,0,1
1015,South,standard,month-to-month,invoice,37,62.75,2424.46,1,0,0
1016,North,basic,one-year,bank-transfer,71,32.32,2128.75,1,0,0
1017,East,premium,month-to-month,paypal,37,99.69,3395.95,3,1,1
1018,East,basic,month-to-month,invoice,51,25.33,1309.2,1,0,0
1019,South,standard,two-year,paypal,72,56.37,4251.37,0,1,0
1020,South,standard,month-to-month,bank-transfer,2,63.42,120.56,5,1,1
1021,South,basic,two-year,invoice,9,36.63,318.04,0,0,0
1022,West,basic,two-year,card,64,24.14,1521.67,1,0,0
1023,East,premium,one-year,paypal,57,90.65,5424.25,1,0,1
1024,East,basic,month-to-month,paypal,49,31.48,1419.57,0,1,0
1025,East,basic,month-to-month,card,11,33.01,350.83,0,0,0
1026,East,basic,month-to-month,bank-transfer,34,38.34,1295.05,3,0,1
1027,West,basic,one-year,invoice,9,26.3,248.23,1,0,0
1028,North,premium,two-year,bank-transfer,9,104.9,930.6,0,1,0
1029,East,standard,month-to-month,card,4,67.79,250.88,1,1,1
1030,West,basic,two-year,paypal,40,36.37,1494.79,0,0,0
1031,North,basic,month-to-month,invoice,25,31.02,812.77,0,0,0
1032,South,standard,two-year,card,30,64.4,1795.43,2,0,0
1033,East,standard,month-to-month,card,64,64.51,4063.51,1,0,0
1034,North,standard,one-year,bank-transfer,45,59.47,2522.49,1,0,0
1035,North,standard,two-year,paypal,23,64.96,1393.74,1,0,0
1036,North,standard,one-year,card,18,60.24,1032.2,0,0,1
1037,East,basic,one-year,card,46,22.04,1006.96,3,0,1
1038,East,premium,month-to-month,paypal,15,99.4,1416.09,1,0,0
1039,West,basic,one-year,bank-transfer,22,33.8,697.01,2,0,0
1040,West,basic,two-year,paypal,21,25.63,530.73,0,0,0
1041,South,basic,month-to-month,bank-transfer,33,30.66,1008.29,2,1,0
1042,North,basic,one-year,invoice,12,29.06,328.5,0,1,0
1043,East,basic,one-year,paypal,26,27.49,722.99,0,1,0
1044,East,standard,month-to-month,bank-transfer,12,53.34,643.83,1,0,0
1045,West,basic,month-to-month,paypal,59,33.03,1798.09,0,0,1
1046,West,premium,two-year,invoice,34,102.02,3259.04,3,1,0
1047,West,basic,two-year,bank-transfer,66,35.53,2364.43,3,0,0
1048,West,premium,one-year,invoice,31,93.77,2681.58,0,0,0
1049,South,basic,two-year,card,63,30.41,1878.31,1,0,0
1050,East,standard,two-year,bank-transfer,71,61.83,4337.67,0,1,0
1051,East,basic,month-to-month,bank-transfer,64,27.07,1731.7,0,0,0
1052,North,premium,month-to-month,invoice,23,97.59,2202.32,3,0,1
1053,North,basic,month-to-month,bank-transfer,33,29.17,898.07,0,0,0
1054,South,standard,one-year,paypal,31,67.0,2147.86,0,0,0
1055,North,basic,two-year,card,21,25.47,546.98,0,0,0
1056,North,standard,one-year,paypal,67,59.82,3833.36,0,0,0
1057,East,basic,one-year,card,42,22.64,883.48,0,0,0
1058,South,standard,two-year,invoice,16,68.08,1086.91,0,1,0
1059,West,premium,month-to-month,paypal,14,94.72,1265.99,2,0,1
1060,South,standard,one-year,invoice,43,66.4,2950.19,0,0,0
1061,North,standard,month-to-month,invoice,63,58.44,3624.41,4,0,1
1062,South,basic,month-to-month,card,7,39.53,259.6,1,0,1
1063,South,standard,month-to-month,card,42,60.05,2424.69,0,1,0
1064,East,standard,month-to-month,paypal,33,59.48,1887.28,2,0,1
1065,East,premium,one-year,invoice,6,104.35,629.39,14,1,1
1066,North,basic,month-to-month,invoice,23,25.93,618.33,0,0,0
1067,West,premium,month-to-month,paypal,28,89.46,2375.96,0,1,1
1068,West,basic,month-to-month,paypal,16,38.16,581.65,0,1,0
1069,East,standard,month-to-month,card,17,61.39,1001.05,2,1,0
1070,East,standard,month-to-month,card,60,63.01,3631.7,0,0,1
1071,West,standard,one-year,card,59,68.41,3858.84,0,0,0
1072,North,basic,one-year,paypal,42,31.25,1214.35,0,1,0
1073,East,standard,month-to-month,bank-transfer,49,66.6,3268.48,7,0,1
1074,South,basic,one-year,invoice,65,22.18,1487.53,1,0,0
1075,South,standard,one-year,card,1,69.97,66.43,1,0,1
1076,East,basic,one-year,invoice,19,26.56,510.27,0,0,0
1077,East,standard,one-year,paypal,17,53.55,949.72,1,0,0
1078,South,standard,two-year,invoice,57,59.06,3127.84,4,0,0
1079,West,standard,one-year,bank-transfer,47,56.84,2654.6,0,1,0
1080,North,standard,month-to-month,card,7,55.05,357.99,5,0,1
1081,South,standard,month-to-month,bank-transfer,55,63.83,3383.25,1,0,1
1082,West,basic,month-to-month,paypal,53,34.48,1896.05,0,0,0
1083,West,basic,one-year,invoice,32,25.96,806.74,2,1,0
1084,West,basic,two-year,bank-transfer,61,36.95,2290.74,1,0,0
1085,East,basic,month-to-month,invoice,71,39.73,2664.48,0,0,0
1086,West,basic,month-to-month,card,52,22.93,1145.26,2,1,0
1087,East,standard,one-year,invoice,68,60.88,4177.84,3,0,0
1088,South,basic,one-year,card,17,24.54,434.53,0,0,1
1089,West,premium,one-year,invoice,63,91.99,5796.13,4,0,1
1090,South,standard,two-year,invoice,63,62.16,3836.03,3,1,0
1091,East,premium,month-to-month,card,48,103.47,4951.64,0,0,1
1092,North,basic,month-to-month,bank-transfer,56,32.47,1769.33,0,0,1
1093,West,standard,month-to-month,invoice,69,52.67,3440.99,4,0,1
1094,East,basic,two-year,card,65,22.01,1384.3,0,0,0
1095,West,basic,one-year,bank-transfer,63,25.97,1606.42,3,1,0
1096,North,standard,one-year,bank-transfer,14,65.09,902.01,0,0,0
1097,North,basic,month-to-month,card,32,24.22,779.54,0,0,0
1098,West,standard,one-year,bank-transfer,58,54.69,2996.45,5,1,0
1099,North,standard,two-year,card,15,55.39,767.22,0,1,1
1100,North,premium,two-year,bank-transfer,63,99.99,6399.85,4,0,0
1101,West,standard,month-to-month,paypal,60,63.45,3568.87,0,0,0
1102,West,basic,month-to-month,bank-transfer,58,39.98,2191.05,2,1,0
1103,North,standard,month-to-month,paypal,3,59.99,179.58,0,1,0
1104,East,basic,month-to-month,invoice,21,24.85,512.39,2,0,0
1105,East,basic,one-year,paypal,22,29.42,629.23,1,0,0
1106,West,standard,month-to-month,invoice,15,54.53,817.03,8,0,1
1107,South,basic,month-to-month,card,71,25.78,1706.1,0,1,0
1108,West,basic,one-year,invoice,40,25.0,985.8,3,0,0
1109,North,premium,one-year,bank-transfer,34,98.94,3318.45,0,0,1
1110,South,standard,two-year,paypal,6,69.1,420.87,0,1,1
1111,West,standard,month-to-month,paypal,48,66.31,3317.13,0,0,1
1112,North,standard,one-year,paypal,11,53.03,538.96,3,0,0
1113,North,premium,one-year,bank-transfer,9,101.94,884.42,6,0,1
1114,East,standard,month-to-month,invoice,43,55.98,2458.82,0,0,1
1115,West,standard,month-to-month,bank-transfer,51,54.23,2784.12,1,0,1
1116,North,basic,one-year,bank-transfer,40,34.78,1379.89,9,1,0
1117,West,basic,month-to-month,paypal,70,37.14,2414.53,0,1,0
1118,West,basic,one-year,paypal,61,36.62,2276.5,1,0,0
1119,East,basic,one-year,bank-transfer,15,30.15,461.21,3,0,0
1120,West,standard,month-to-month,invoice,4,57.47,229.64,1,0,1
1121,North,basic,month-to-month,bank-transfer,62,23.08,1487.78,2,1,0
1122,North,premium,month-to-month,card,33,96.33,3263.88,4,1,0
1123,South,premium,one-year,paypal,55,92.1,4905.49,1,1,1
1124,East,basic,one-year,paypal,10,39.56,365.93,0,1,1
1125,South,premium,one-year,paypal,30,98.47,2976.02,0,0,1
1126,West,standard,month-to-month,paypal,6,67.42,410.9,4,0,1
1127,South,standard,month-to-month,paypal,32,52.8,1648.82,4,1,1
1128,East,standard,one-year,paypal,12,60.88,754.92,0,1,0
1129,East,standard,two-year,invoice,69,65.32,4367.18,3,1,0
1130,North,premium,month-to-month,card,65,105.28,6397.42,2,0,0
1131,North,standard,one-year,card,45,60.3,2611.16,2,1,0
1132,West,standard,month-to-month,card,15,57.84,889.37,0,0,0
1133,East,standard,one-year,bank-transfer,68,62.51,4083.67,0,0,0
1134,West,premium,month-to-month,invoice,65,97.73,6360.01,1,0,0
1135,East,basic,one-year,paypal,47,35.11,1625.73,0,0,0
1136,West,basic,two-year,invoice,11,39.88,443.48,6,0,0
1137,East,basic,month-to-month,paypal,59,37.63,2098.57,0,0,0
1138,East,basic,month-to-month,card,62,26.07,1673.41,1,0,0
1139,North,basic,two-year,bank-transfer,59,28.35,1549.4,3,1,0
1140,East,basic,one-year,bank-transfer,14,39.62,560.53,3,0,0
1141,East,standard,month-to-month,card,38,66.7,2428.81,2,0,0
1142,North,basic,two-year,paypal,8,32.14,245.42,0,0,0
1143,North,standard,month-to-month,bank-transfer,29,61.02,1632.03,1,0,1
1144,South,premium,two-year,paypal,62,104.81,6644.42,5,0,0
1145,West,premium,two-year,bank-transfer,9,90.23,844.85,4,0,1
1146,East,basic,one-year,card,71,39.46,2806.81,0,0,0
1147,East,basic,two-year,invoice,20,39.85,812.8,0,1,0
1148,South,basic,two-year,invoice,35,30.37,1010.23,0,0,1
1149,South,basic,month-to-month,bank-transfer,26,24.13,578.73,0,1,1
1150,North,standard,two-year,paypal,46,54.3,2571.22,0,0,1
1151,South,basic,month-to-month,card,10,30.34,290.77,1,1,0
1152,East,basic,month-to-month,invoice,8,32.62,268.31,1,0,0
1153,South,standard,month-to-month,invoice,36,58.71,2130.47,5,1,0
1154,North,basic,one-year,paypal,63,29.16,1716.16,3,0,1
1155,North,basic,month-to-month,card,29,36.89,1064.57,0,1,0
1156,South,standard,two-year,invoice,44,62.37,2795.6,3,0,0
1157,South,standard,two-year,invoice,70,52.89,3753.14,1,0,0
1158,North,basic,month-to-month,invoice,28,25.63,662.16,3,1,0
1159,South,basic,one-year,bank-transfer,21,24.32,505.07,1,1,1
1160,North,basic,two-year,invoice,17,29.25,521.6,15,0,0
1161,West,standard,two-year,paypal,10,54.84,568.36,5,0,1
1162,East,basic,month-to-month,bank-transfer,62,30.28,1887.63,4,0,0
1163,West,premium,month-to-month,paypal,51,106.72,5420.21,0,0,0
1164,South,standard,month-to-month,card,64,58.89,3524.16,0,0,0
1165,West,basic,two-year,bank-transfer,11,30.12,331.87,0,0,1
1166,West,basic,one-year,invoice,72,22.5,1624.12,1,1,0
1167,East,basic,two-year,paypal,16,32.08,476.98,1,1,0
1168,East,standard,month-to-month,card,12,52.95,648.64,0,1,1
1169,East,basic,month-to-month,invoice,66,33.37,2123.6,0,1,1
1170,South,basic,month-to-month,card,34,37.86,1268.66,2,0,1
1171,East,standard,month-to-month,paypal,49,59.32,2911.34,5,0,1
1172,North,basic,month-to-month,invoice,53,33.79,1708.21,0,1,0
1173,North,standard,one-year,card,46,63.66,2796.36,1,0,0
1174,North,basic,month-to-month,bank-transfer,6,22.52,137.87,1,0,1
1175,North,premium,month-to-month,bank-transfer,6,97.35,596.7,2,1,1
1176,East,basic,two-year,bank-transfer,63,28.49,1704.43,6,0,0
1177,South,basic,two-year,bank-transfer,32,39.88,1317.3,1,0,0
1178,North,standard,two-year,paypal,47,62.98,3015.21,1,0,1
1179,North,basic,two-year,invoice,3,36.27,100.29,7,0,0
1180,East,basic,one-year,invoice,11,25.04,254.33,4,0,0
1181,South,basic,month-to-month,card,63,39.27,2521.34,0,0,1
1182,West,standard,month-to-month,card,47,63.3,2941.89,4,1,1
1183,East,standard,month-to-month,paypal,48,59.76,2776.88,2,0,1
1184,East,basic,two-year,bank-transfer,63,33.75,2139.94,0,1,0
1185,East,basic,month-to-month,paypal,4,25.07,93.56,3,0,1
1186,South,basic,month-to-month,paypal,6,36.94,226.34,10,1,1
1187,East,premium,month-to-month,paypal,43,96.23,4234.04,0,1,1
1188,South,standard,month-to-month,invoice,52,66.56,3213.92,1,0,1
1189,West,premium,month-to-month,bank-transfer,66,93.51,5948.39,0,1,0
1190,East,basic,two-year,card,70,32.08,2315.75,4,1,0
1191,North,standard,month-to-month,invoice,71,59.59,4024.8,1,0,0
1192,East,premium,month-to-month,card,33,90.52,2941.61,0,0,1
1193,South,standard,month-to-month,card,51,56.04,2784.25,10,0,1
1194,South,basic,month-to-month,paypal,45,23.38,1000.92,5,0,0
1195,North,standard,two-year,paypal,39,63.08,2281.27,2,1,0
1196,East,basic,two-year,paypal,11,28.89,296.42,0,0,0
1197,South,premium,month-to-month,card,25,93.68,2441.73,1,0,0
1198,South,standard,one-year,bank-transfer,26,68.18,1753.85,0,1,0
1199,South,standard,month-to-month,bank-transfer,66,63.29,4205.11,2,1,0
1200,West,standard,one-year,invoice,47,62.11,2818.31,0,0,0
1201,South,standard,month-to-month,paypal,1,52.45,51.83,3,0,1
1202,North,basic,month-to-month,paypal,9,39.14,342.5,4,0,1
1203,West,standard,month-to-month,card,22,66.13,1496.95,1,0,0
1204,North,basic,month-to-month,paypal,18,34.31,592.1,1,1,1
1205,South,standard,month-to-month,paypal,15,54.06,786.78,9,0,1
1206,South,standard,one-year,paypal,7,60.19,411.61,0,0,0
1207,North,basic,month-to-month,card,23,22.72,524.23,1,0,0
1208,East,premium,month-to-month,card,22,102.9,2167.77,1,1,0
1209,West,basic,two-year,invoice,46,25.72,1125.71,1,0,0
1210,East,standard,one-year,paypal,38,54.15,1924.25,7,0,0
1211,West,standard,one-year,card,29,69.44,1924.21,0,0,0
1212,North,basic,month-to-month,invoice,65,35.08,2210.71,7,0,1
1213,North,premium,month-to-month,card,18,89.76,1592.38,0,0,1
1214,North,premium,month-to-month,invoice,69,100.75,6526.67,1,0,1
1215,North,basic,month-to-month,invoice,55,22.04,1125.17,0,0,1
1216,East,standard,month-to-month,invoice,20,52.7,1009.88,4,0,1
1217,South,premium,two-year,card,9,96.1,814.7,0,0,0
1218,South,standard,month-to-month,invoice,34,63.81,2156.15,3,1,1
1219,South,basic,month-to-month,bank-transfer,2,35.01,67.96,3,0,1
1220,East,premium,month-to-month,invoice,21,104.83,2213.31,0,0,0
1221,North,standard,one-year,bank-transfer,39,62.63,2428.0,0,0,0
1222,South,basic,month-to-month,bank-transfer,44,23.54,1084.95,1,1,1
1223,North,premium,one-year,card,33,96.88,3150.35,5,0,0
1224,South,premium,month-to-month,paypal,13,91.85,1177.61,1,0,1
1225,South,basic,one-year,card,30,26.82,782.94,0,1,0
1226,North,premium,two-year,card,71,96.31,7005.84,1,0,0
1227,South,basic,month-to-month,paypal,6,37.32,221.54,2,0,1
1228,North,standard,one-year,paypal,5,64.63,315.14,0,0,1
1229,North,basic,month-to-month,invoice,68,24.53,1733.63,0,1,0
1230,East,basic,one-year,bank-transfer,64,27.0,1730.17,0,0,0
1231,South,premium,one-year,paypal,60,94.66,5511.62,0,0,0
1232,North,basic,one-year,bank-transfer,5,34.85,172.31,8,1,1
1233,North,premium,month-to-month,invoice,17,90.47,1439.48,0,1,1
1234,South,standard,two-year,bank-transfer,50,65.41,3082.97,1,0,1
1235,South,premium,one-year,card,46,104.28,4776.1,0,1,0
1236,West,standard,two-year,paypal,28,57.66,1492.18,5,1,0
1237,South,basic,month-to-month,paypal,38,27.87,976.54,0,1,0
1238,East,basic,two-year,invoice,45,26.44,1139.99,0,0,0
1239,North,basic,one-year,paypal,19,38.21,750.4,0,0,0
1240,West,basic,month-to-month,bank-transfer,6,28.88,161.65,1,0,1
1241,West,standard,one-year,paypal,37,68.07,2459.17,4,1,0
1242,North,standard,month-to-month,bank-transfer,42,66.72,2773.2,2,0,0
1243,West,basic,one-year,bank-transfer,13,30.71,380.38,0,1,0
1244,East,basic,month-to-month,paypal,68,38.49,2575.72,10,0,1
1245,West,standard,month-to-month,card,8,68.66,547.88,0,1,1
1246,South,basic,month-to-month,paypal,36,39.01,1324.65,0,1,0
1247,East,premium,month-to-month,card,53,103.44,5463.7,3,0,1
1248,North,basic,month-to-month,bank-transfer,42,25.4,1009.82,0,0,1
1249,West,premium,month-to-month,invoice,26,98.5,2566.44,1,1,1
1250,West,standard,month-to-month,paypal,11,55.4,582.53,1,0,1
1251,South,basic,month-to-month,paypal,6,28.0,173.53,0,0,1
1252,West,standard,two-year,card,31,61.32,1897.85,3,0,0
1253,South,basic,one-year,invoice,40,30.12,1155.6,0,0,1
1254,West,standard,month-to-month,card,53,67.9,3508.06,0,0,1
1255,North,standard,one-year,card,39,52.15,2028.46,0,0,0
1256,South,basic,two-year,paypal,34,32.32,1047.45,2,1,0
1257,North,standard,month-to-month,invoice,39,53.25,2156.74,0,1,1
1258,West,basic,month-to-month,invoice,29,26.62,749.47,0,1,0
1259,North,premium,month-to-month,paypal,10,99.55,1027.54,4,0,1
1260,North,premium,month-to-month,card,11,93.53,948.6,5,1,1
1261,West,premium,one-year,card,51,90.62,4751.88,3,0,1
1262,South,basic,month-to-month,paypal,31,22.8,735.38,0,0,0
1263,East,basic,month-to-month,invoice,32,34.42,1025.08,5,0,0
1264,South,premium,month-to-month,bank-transfer,65,96.03,5930.55,0,0,1
1265,East,standard,month-to-month,card,60,53.22,3183.73,0,0,0
1266,North,premium,one-year,card,52,92.48,4966.55,0,0,0
1267,East,standard,two-year,paypal,24,65.45,1627.92,0,0,0
1268,South,basic,month-to-month,bank-transfer,44,24.06,1085.39,5,0,0
1269,East,basic,two-year,invoice,43,25.66,1070.55,0,1,0
1270,South,basic,month-to-month,invoice,10,23.45,241.81,2,0,0
1271,West,basic,one-year,card,11,39.95,455.19,2,0,1
1272,East,standard,month-to-month,bank-transfer,56,54.93,3000.55,2,0,0
1273,West,premium,month-to-month,invoice,66,106.6,7011.54,0,0,0
1274,North,basic,month-to-month,card,14,22.58,324.62,1,1,0
1275,North,basic,month-to-month,bank-transfer,23,38.4,850.72,0,1,1
1276,South,basic,one-year,paypal,20,37.74,702.77,6,0,0
1277,North,basic,one-year,invoice,25,39.02,925.36,2,0,1
1278,East,basic,month-to-month,bank-transfer,58,23.41,1409.88,0,0,0
1279,West,standard,two-year,invoice,31,57.67,1870.14,0,0,0
1280,North,basic,month-to-month,card,48,32.17,1587.77,1,0,0
1281,North,standard,month-to-month,bank-transfer,70,52.17,3503.23,1,1,0
1282,South,basic,two-year,paypal,25,23.39,582.41,0,0,0
1283,South,premium,month-to-month,paypal,45,95.39,4291.25,1,0,1
1284,East,basic,month-to-month,invoice,4,22.03,89.98,0,0,0
1285,North,premium,two-year,paypal,46,97.06,4455.94,2,1,0
1286,South,basic,one-year,bank-transfer,7,29.85,201.6,5,1,0
1287,East,basic,one-year,paypal,13,38.75,484.35,1,1,1
1288,South,basic,month-to-month,bank-transfer,59,33.93,1884.31,1,0,1
1289,West,standard,month-to-month,card,6,60.51,371.58,0,1,0
1290,East,premium,one-year,invoice,27,94.5,2654.25,0,1,0
1291,South,basic,month-to-month,paypal,42,32.54,1291.95,0,1,0
1292,South,basic,one-year,invoice,34,31.33,1115.94,2,0,1
1293,North,premium,month-to-month,paypal,15,95.37,1468.38,1,1,0
1294,South,premium,month-to-month,paypal,40,104.17,3873.46,8,1,1
1295,South,basic,month-to-month,card,60,33.93,1959.62,7,0,1
1296,East,premium,one-year,invoice,7,100.73,675.37,1,1,0
1297,West,premium,one-year,card,55,92.76,5280.43,1,1,0
1298,North,standard,two-year,invoice,62,64.5,4121.5,0,0,0
1299,West,standard,one-year,card,17,67.25,1086.48,0,1,0
1300,South,premium,month-to-month,bank-transfer,29,101.81,2902.57,2,0,0
1301,East,standard,two-year,card,36,63.42,2294.7,1,1,0
1302,North,standard,one-year,bank-transfer,70,54.34,3564.67,1,0,0
1303,East,basic,one-year,paypal,51,27.62,1300.75,0,1,0
1304,West,standard,two-year,card,2,61.08,125.73,0,0,0
1305,West,premium,month-to-month,bank-transfer,21,101.03,2088.63,0,0,1
1306,East,basic,one-year,bank-transfer,56,24.98,1423.14,0,0,0
1307,North,premium,month-to-month,bank-transfer,9,106.37,926.19,1,1,0
1308,West,premium,month-to-month,card,25,93.13,2215.61,3,0,1
1309,North,basic,one-year,paypal,22,23.06,518.35,1,0,0
1310,West,standard,one-year,bank-transfer,13,63.74,791.07,3,0,0
1311,East,basic,one-year,paypal,11,24.54,277.32,1,0,1
1312,North,basic,month-to-month,invoice,11,32.89,363.13,2,1,1
1313,South,basic,two-year,card,22,22.92,477.59,4,1,0
1314,West,standard,month-to-month,card,60,54.54,3267.52,0,0,0
1315,North,basic,two-year,paypal,20,31.75,665.48,8,0,1
1316,East,basic,one-year,paypal,70,33.54,2314.8,4,0,0
1317,North,basic,month-to-month,paypal,36,35.15,1226.48,0,0,0
1318,East,premium,one-year,paypal,36,98.75,3506.57,2,0,0
1319,East,premium,month-to-month,card,19,97.83,1880.72,1,1,1
1320,North,basic,month-to-month,paypal,21,23.57,458.2,0,1,0
1321,North,basic,two-year,invoice,1,23.57,22.96,0,0,1
1322,West,standard,two-year,paypal,19,65.04,1184.92,1,0,0
1323,South,basic,one-year,card,9,36.57,326.14,2,0,0
1324,East,basic,month-to-month,paypal,40,36.4,1427.97,1,0,1
1325,West,premium,two-year,bank-transfer,16,99.17,1621.75,0,0,0
1326,South,basic,two-year,bank-transfer,15,29.96,469.44,1,0,0
1327,West,standard,one-year,paypal,13,55.43,683.61,1,0,0
1328,South,basic,two-year,paypal,3,24.13,70.12,1,0,0
1329,South,standard,month-to-month,card,1,62.27,59.14,3,1,1
1330,East,basic,two-year,bank-transfer,4,31.51,130.11,4,1,1
1331,North,basic,month-to-month,invoice,24,30.8,689.44,3,0,0
1332,West,premium,month-to-month,invoice,47,98.21,4523.82,3,0,1
1333,East,basic,one-year,invoice,71,34.41,2327.28,2,0,0
1334,South,standard,month-to-month,paypal,38,63.44,2376.1,1,0,0
1335,South,basic,month-to-month,bank-transfer,37,23.68,909.42,0,0,1
1336,North,standard,one-year,invoice,3,56.1,170.64,0,0,0
1337,South,premium,month-to-month,card,21,91.36,1778.93,4,0,1
1338,East,basic,one-year,paypal,33,33.32,1054.52,0,1,0
1339,West,standard,month-to-month,card,13,62.6,764.42,0,0,0
1340,South,standard,month-to-month,invoice,61,57.87,3300.8,2,0,0
1341,North,standard,month-to-month,card,7,54.94,398.23,1,1,1
1342,South,basic,two-year,bank-transfer,12,33.48,377.17,2,0,0
1343,East,basic,month-to-month,bank-transfer,9,33.07,305.81,1,0,0
1344,West,standard,month-to-month,bank-transfer,13,63.81,816.17,3,0,0
1345,West,standard,month-to-month,card,6,60.58,368.68,1,1,1
1346,North,premium,month-to-month,card,4,95.25,351.4,0,0,1
1347,East,premium,month-to-month,paypal,59,95.2,5769.17,0,0,0
1348,East,standard,month-to-month,paypal,47,56.5,2626.56,1,0,0
1349,West,basic,month-to-month,bank-transfer,47,31.52,1530.33,2,1,0
1350,West,standard,month-to-month,bank-transfer,12,63.64,743.51,0,0,1
1351,North,premium,month-to-month,paypal,66,90.93,5755.83,0,0,1
1352,East,basic,two-year,invoice,2,23.24,43.11,1,0,0
1353,South,standard,month-to-month,card,70,69.17,4621.84,3,1,1
1354,East,standard,month-to-month,paypal,36,64.49,2405.64,8,0,1
1355,North,basic,month-to-month,invoice,28,36.17,1016.97,0,1,0
1356,West,basic,one-year,invoice,37,30.62,1128.31,4,1,0
1357,North,basic,one-year,bank-transfer,50,39.49,1850.88,0,1,0
1358,South,standard,month-to-month,bank-transfer,36,64.7,2322.71,0,1,0
1359,West,standard,month-to-month,invoice,53,68.96,3535.0,2,1,0
1360,North,basic,month-to-month,card,54,32.02,1787.35,0,1,0
1361,East,premium,one-year,invoice,9,93.41,779.67,3,0,0
1362,East,basic,month-to-month,paypal,67,27.43,1764.31,0,0,1
1363,East,basic,month-to-month,paypal,21,25.69,536.56,0,0,0
1364,South,standard,month-to-month,card,37,60.01,2077.09,4,0,1
1365,East,basic,two-year,paypal,60,36.99,2202.57,5,0,0
1366,South,standard,month-to-month,invoice,53,68.35,3622.26,6,0,1
1367,West,basic,one-year,card,57,23.8,1377.16,5,1,0
1368,East,standard,month-to-month,paypal,14,59.37,780.79,2,1,0
1369,North,standard,month-to-month,card,11,57.4,604.11,4,0,1
1370,West,basic,one-year,bank-transfer,32,28.13,845.21,0,1,0
1371,South,standard,month-to-month,card,69,57.97,4054.29,3,1,0
1372,East,premium,one-year,paypal,11,91.87,942.68,0,1,0
1373,South,premium,one-year,invoice,12,89.22,1111.17,0,0,0
1374,South,basic,one-year,paypal,29,34.52,1038.76,6,0,1
1375,North,basic,one-year,invoice,48,39.46,1862.22,0,1,0
1376,East,premium,month-to-month,card,2,102.62,207.2,0,1,1
1377,North,basic,one-year,invoice,37,22.23,816.24,0,1,0
1378,East,premium,month-to-month,bank-transfer,56,93.6,5406.78,1,0,1
1379,South,standard,month-to-month,bank-transfer,56,66.34,3899.69,1,1,1
1380,North,premium,month-to-month,invoice,34,100.95,3169.59,0,0,1
1381,South,standard,month-to-month,paypal,72,59.07,4170.09,2,0,1
1382,West,basic,month-to-month,paypal,68,26.32,1827.57,0,0,0
1383,East,standard,one-year,invoice,27,68.71,1747.04,1,0,0
1384,South,basic,month-to-month,paypal,20,22.31,447.66,0,0,1
1385,South,standard,one-year,invoice,21,54.01,1094.93,3,0,1
1386,South,standard,month-to-month,invoice,40,55.56,2175.84,0,0,0
1387,North,basic,month-to-month,invoice,59,25.49,1415.03,0,0,0
1388,East,basic,month-to-month,invoice,7,26.15,186.12,0,1,1
1389,East,basic,one-year,bank-transfer,38,38.43,1476.78,4,1,0
1390,North,premium,month-to-month,invoice,44,89.01,4060.88,0,0,1
1391,South,premium,month-to-month,card,59,106.3,6511.95,2,0,1
1392,West,standard,month-to-month,invoice,21,52.28,1028.45,0,0,0
1393,East,basic,month-to-month,paypal,70,24.73,1631.06,1,0,1
1394,East,basic,month-to-month,paypal,36,37.99,1268.44,0,1,0
1395,North,standard,month-to-month,bank-transfer,65,65.4,4181.12,0,1,1
1396,North,basic,month-to-month,card,40,23.7,963.29,5,0,1
1397,North,basic,month-to-month,paypal,61,26.22,1581.55,1,0,0
1398,North,standard,month-to-month,paypal,44,69.42,2812.14,9,1,0
1399,West,basic,month-to-month,invoice,55,33.34,1890.02,6,0,1
1400,South,standard,month-to-month,paypal,27,68.57,1861.9,0,1,0
1401,South,standard,month-to-month,bank-transfer,24,66.08,1500.66,6,1,1
1402,East,basic,one-year,bank-transfer,67,32.96,2255.52,1,0,0
1403,South,standard,month-to-month,paypal,40,66.85,2515.03,5,0,0
1404,South,premium,one-year,bank-transfer,64,94.57,5754.86,0,0,0
1405,West,standard,month-to-month,invoice,40,58.86,2323.66,3,0,1
1406,East,standard,one-year,invoice,35,62.45,2152.5,1,0,1
1407,South,standard,one-year,bank-transfer,34,62.89,2240.68,4,1,0
1408,West,premium,month-to-month,paypal,63,101.43,6183.22,0,1,1
1409,West,premium,two-year,bank-transfer,61,106.52,6124.49,0,0,0
1410,North,basic,month-to-month,card,28,37.28,1060.83,3,0,1
1411,North,standard,month-to-month,card,31,57.83,1752.81,3,0,1
1412,South,basic,month-to-month,card,32,27.46,873.87,1,1,0
1413,East,standard,two-year,bank-transfer,55,54.97,2808.59,0,1,0
1414,North,standard,month-to-month,invoice,55,66.08,3689.58,0,0,1
1415,South,premium,month-to-month,bank-transfer,45,105.95,4633.67,1,1,0
1416,East,basic,two-year,bank-transfer,30,38.21,1096.19,3,0,1
1417,East,basic,two-year,card,71,35.5,2503.93,3,1,0
1418,North,standard,two-year,paypal,20,67.13,1323.9,1,0,0
1419,East,basic,one-year,bank-transfer,65,34.26,2201.97,0,0,0
1420,West,standard,month-to-month,bank-transfer,20,64.29,1217.46,0,1,1
1421,East,basic,one-year,bank-transfer,43,33.59,1423.09,3,1,0
1422,East,basic,month-to-month,card,4,28.76,115.93,1,1,1
1423,South,basic,two-year,bank-transfer,72,25.25,1799.83,1,1,0
1424,South,premium,month-to-month,invoice,2,98.26,193.54,1,0,1
1425,South,basic,month-to-month,card,71,37.26,2492.44,0,0,1
1426,East,standard,one-year,card,71,60.98,4184.64,1,0,1
1427,North,basic,one-year,card,57,29.44,1599.9,1,0,0
1428,East,basic,two-year,bank-transfer,13,30.19,377.31,8,0,0
1429,North,standard,one-year,invoice,6,59.38,335.43,2,1,1
1430,South,standard,month-to-month,invoice,46,62.66,3014.85,2,0,1
1431,West,basic,month-to-month,card,1,35.72,36.24,1,1,1
1432,East,basic,month-to-month,paypal,26,37.53,921.28,1,0,1
1433,West,standard,month-to-month,invoice,28,62.18,1669.31,2,0,0
1434,East,standard,month-to-month,paypal,70,53.0,3520.01,5,0,0
1435,East,basic,month-to-month,paypal,22,26.87,548.62,4,0,1
1436,North,premium,one-year,card,60,89.25,5519.12,2,0,0
1437,East,standard,one-year,card,19,68.65,1254.9,2,1,1
1438,West,standard,two-year,card,8,61.39,502.75,1,1,0
1439,West,standard,month-to-month,paypal,19,54.32,1071.47,1,0,0
1440,East,basic,month-to-month,bank-transfer,57,32.32,1773.64,2,0,1
1441,North,standard,month-to-month,invoice,65,64.34,3904.49,1,0,0
1442,West,basic,month-to-month,invoice,9,23.86,220.94,1,0,1
1443,East,basic,month-to-month,bank-transfer,37,34.77,1204.92,0,1,0
1444,North,basic,one-year,bank-transfer,5,22.89,105.93,1,0,1
1445,West,basic,month-to-month,card,29,36.23,1015.92,0,0,0
1446,East,basic,month-to-month,card,32,23.74,771.89,2,0,0
1447,West,premium,one-year,invoice,64,91.69,5749.38,4,1,1
1448,North,basic,one-year,paypal,10,35.04,346.89,2,1,0
1449,West,standard,month-to-month,paypal,59,68.23,3747.31,0,1,0
1450,North,basic,month-to-month,invoice,58,30.53,1748.27,3,1,1
1451,West,basic,month-to-month,card,45,38.34,1614.39,0,0,1
1452,East,basic,month-to-month,paypal,53,34.93,1941.11,0,1,0
1453,West,standard,month-to-month,paypal,26,67.65,1788.74,2,0,1
1454,North,basic,month-to-month,bank-transfer,32,25.54,845.23,7,1,0
1455,West,basic,one-year,paypal,35,24.33,786.01,1,0,0
1456,East,basic,month-to-month,bank-transfer,34,39.54,1388.76,0,0,1
1457,East,standard,two-year,paypal,33,62.06,1992.83,1,0,0
1458,West,premium,month-to-month,paypal,31,101.66,2937.04,1,1,0
1459,West,basic,month-to-month,invoice,54,37.89,1950.29,1,0,1
1460,West,basic,two-year,invoice,15,36.76,565.71,1,0,0
1461,South,basic,month-to-month,paypal,46,24.59,1123.17,6,0,1
1462,North,basic,month-to-month,paypal,42,24.34,1070.62,2,1,0
1463,East,basic,one-year,card,64,28.32,1794.51,0,0,0
1464,West,standard,month-to-month,bank-transfer,50,62.21,3218.44,1,0,1
1465,North,premium,month-to-month,bank-transfer,16,95.18,1521.18,0,0,1
1466,South,basic,month-to-month,paypal,35,28.27,1021.17,0,1,0
1467,East,premium,month-to-month,paypal,35,90.53,3232.12,1,0,0
1468,West,standard,one-year,invoice,24,65.64,1592.3,5,1,0
1469,West,premium,month-to-month,card,42,103.26,4444.58,0,0,0
1470,South,premium,month-to-month,paypal,1,96.48,95.91,2,1,1
1471,East,standard,month-to-month,invoice,37,69.06,2408.76,2,0,0
1472,East,basic,month-to-month,bank-transfer,56,24.89,1376.43,2,1,0
1473,West,basic,one-year,invoice,71,24.7,1642.67,0,1,0
1474,South,premium,one-year,bank-transfer,59,100.93,5695.67,0,1,0
1475,North,basic,month-to-month,invoice,69,39.02,2532.76,4,0,1
1476,East,basic,month-to-month,paypal,53,25.91,1426.59,2,0,1
1477,West,basic,month-to-month,card,68,33.61,2303.71,1,0,0
1478,South,standard,one-year,invoice,45,54.06,2260.75,1,1,0
1479,East,standard,month-to-month,invoice,13,66.05,887.58,1,0,0
1480,West,standard,one-year,card,69,59.97,4046.33,1,0,0
1481,North,standard,one-year,invoice,4,57.28,215.72,2,0,1
1482,East,basic,month-to-month,paypal,33,26.83,926.39,2,1,0
1483,South,basic,month-to-month,bank-transfer,61,25.97,1522.7,0,1,1
1484,South,basic,two-year,card,46,33.85,1605.17,1,0,0
1485,South,standard,month-to-month,invoice,10,66.42,616.33,1,0,1
1486,East,premium,month-to-month,bank-transfer,55,89.81,5050.63,1,0,0
1487,West,basic,one-year,bank-transfer,66,37.23,2476.24,1,0,0
1488,East,basic,one-year,invoice,8,35.64,286.75,2,0,0
1489,East,premium,month-to-month,bank-transfer,39,92.75,3557.87,0,0,1
1490,West,basic,month-to-month,card,1,38.31,38.51,1,0,1
1491,North,premium,month-to-month,card,62,105.49,6255.54,5,0,1
1492,East,premium,one-year,bank-transfer,4,96.67,378.33,0,0,1
1493,West,standard,month-to-month,invoice,63,52.82,3062.85,0,0,1
1494,East,premium,month-to-month,bank-transfer,60,90.24,5459.98,1,1,0
1495,East,basic,month-to-month,bank-transfer,41,29.9,1286.77,0,1,0
1496,North,standard,one-year,bank-transfer,47,55.04,2544.13,0,1,0
1497,North,basic,two-year,bank-transfer,45,29.75,1267.48,0,0,0
1498,West,premium,month-to-month,invoice,61,97.12,5694.66,2,0,0
1499,West,basic,month-to-month,paypal,28,33.81,963.65,6,0,1
1500,West,premium,one-year,card,9,103.65,947.74,1,0,0
